Date and time: ; 28-01-2025 15:16:00
MFC1: 0.999832; MFC2: 0; t: 24.3; t_huber: -2.7300; h: 33.27; p: 0.000; t_stm32: 5.9; rH_stm32: 89.8; 
psmethod: PalmSense_Scripts/CV_0.1Vpers_0V_-1.8V_0.5V_100nA_CP.psmethod; channel: 1; valve0: 2; valve1: 1; flow0: 1; flow1: 0; set_temp: 25; set_RH: 0; 
3.91006469726563E-05; -2.14577626607606E-05; Current
3.91006469726563E-05; -0.124961373861879; CEPotential
-0.00996093731373549; -2.14577626607606E-05; Current
-0.00996093731373549; -0.13644579245738; CEPotential
-0.0199609752744436; -2.14577626607606E-05; Current
-0.0199609752744436; -0.147070832790632; CEPotential
-0.0299610132351518; -2.14577626607606E-05; Current
-0.0299610132351518; -0.158555251386133; CEPotential
-0.0399610511958599; -2.14577626607606E-05; Current
-0.0399610511958599; -0.17058654705761; CEPotential
-0.0499610891565681; -5.5551741893178E-05; Current
-0.0499610891565681; -0.182930343915359; CEPotential
-0.0599611271172762; -5.6028579040723E-05; Current
-0.0599611271172762; -0.19519601547654; CEPotential
-0.0699611650779843; -5.5551741893178E-05; Current
-0.0699611650779843; -0.207852313520561; CEPotential
-0.0798830777421244; -5.6028579040723E-05; Current
-0.0798830777421244; -0.220430486268015; CEPotential
-0.0898831157028326; -5.6028579040723E-05; Current
-0.0898831157028326; -0.232774283125764; CEPotential
-0.0998831536635407; -5.5623269487905E-05; Current
-0.0998831536635407; -0.244805578797241; CEPotential
-0.109883191624249; -5.61954778302174E-05; Current
-0.109883191624249; -0.257071250358422; CEPotential
-0.119883229584957; -5.73875745076371E-05; Current
-0.119883229584957; -0.269258796623035; CEPotential
-0.129883267545665; -5.65292638568136E-05; Current
-0.129883267545665; -0.281290092294512; CEPotential
-0.139883305506373; -5.59570555145011E-05; Current
-0.139883305506373; -0.293087012076285; CEPotential
-0.149883343467081; -5.70084795855404E-05; Current
-0.149883343467081; -0.305118307747762; CEPotential
-0.15988338142779; -5.73184296910069E-05; Current
-0.15988338142779; -0.316993352826103; CEPotential
-0.169883419388498; -5.72373673761602E-05; Current
-0.169883419388498; -0.328634022014739; CEPotential
-0.179883457349206; -5.82244202687056E-05; Current
-0.179883457349206; -0.339884064720536; CEPotential
-0.189883495309914; -5.83436295552449E-05; Current
-0.189883495309914; -0.351446608612605; CEPotential
-0.199883533270622; -5.85582062710157E-05; Current
-0.199883533270622; -0.362852901911538; CEPotential
-0.20988357123133; -5.9349761894101E-05; Current
-0.20988357123133; -0.37386856872763; CEPotential
-0.21980548389547; -5.94069823516398E-05; Current
-0.21980548389547; -0.385040486136859; CEPotential
-0.229805521856179; -5.91685637785612E-05; Current
-0.229805521856179; -0.396368654139224; CEPotential
-0.239805559816887; -6.01174696994141E-05; Current
-0.239805559816887; -0.40761869684502; CEPotential
-0.249805597777595; -6.1180822495809E-05; Current
-0.249805597777595; -0.418399987771409; CEPotential
-0.259805635738303; -6.10949918095007E-05; Current
-0.259805635738303; -0.429650030477205; CEPotential
-0.269805673699011; -6.11617490099627E-05; Current
-0.269805673699011; -0.440743822589866; CEPotential
-0.279805711659719; -6.19914516047405E-05; Current
-0.279805711659719; -0.451759489405958; CEPotential
-0.289805749620427; -6.19485362615864E-05; Current
-0.289805749620427; -0.462462655035779; CEPotential
-0.299805787581136; -6.23252376070506E-05; Current
-0.299805787581136; -0.473400196555303; CEPotential
-0.309805825541844; -6.29022105539008E-05; Current
-0.309805825541844; -0.484415863371396; CEPotential
-0.319805863502552; -6.31501658699025E-05; Current
-0.319805863502552; -0.495353404890921; CEPotential
-0.32980590146326; -6.40800042653734E-05; Current
-0.32980590146326; -0.505978445224173; CEPotential
-0.339805939423968; -6.32884546027525E-05; Current
-0.339805939423968; -0.516837861447129; CEPotential
-0.349805977384676; -6.40943093797581E-05; Current
-0.349805977384676; -0.527775402966654; CEPotential
-0.359727890048816; -6.42659707523747E-05; Current
-0.359727890048816; -0.538556693893042; CEPotential
-0.369727928009524; -6.43947167818372E-05; Current
-0.369727928009524; -0.549494235412567; CEPotential
-0.379727965970233; -6.55009849213862E-05; Current
-0.379727965970233; -0.560275526338955; CEPotential
-0.389728003930941; -6.51719672905378E-05; Current
-0.389728003930941; -0.571134942561912; CEPotential
-0.399728041891649; -6.61351783257753E-05; Current
-0.399728041891649; -0.581603732302028; CEPotential
-0.409728079852357; -6.67264623474746E-05; Current
-0.409728079852357; -0.592463148524985; CEPotential
-0.419728117813065; -6.68122930337829E-05; Current
-0.419728117813065; -0.603478815341077; CEPotential
-0.429728155773773; -6.82332736897957E-05; Current
-0.429728155773773; -0.61449448215717; CEPotential
-0.439728193734481; -6.79710132594092E-05; Current
-0.439728193734481; -0.625119522490422; CEPotential
-0.44972823169519; -6.79900867452555E-05; Current
-0.44972823169519; -0.636135189306515; CEPotential
-0.459728269655898; -6.85098392345668E-05; Current
-0.459728269655898; -0.647072730826039; CEPotential
-0.469728307616606; -6.90152866094935E-05; Current
-0.469728307616606; -0.658010272345564; CEPotential
-0.479728345577314; -6.95302766878076E-05; Current
-0.479728345577314; -0.668557187382248; CEPotential
-0.489728383538022; -7.04744142371989E-05; Current
-0.489728383538022; -0.679572854198341; CEPotential
-0.499650296202162; -7.03599733221211E-05; Current
-0.499650296202162; -0.690588521014433; CEPotential
-0.50965033416287; -7.11658340595911E-05; Current
-0.50965033416287; -0.701604187830526; CEPotential
-0.519650372123579; -7.15854507482095E-05; Current
-0.519650372123579; -0.712307353460346; CEPotential
-0.529650410084287; -7.25248199261392E-05; Current
-0.529650410084287; -0.723557396166143; CEPotential
-0.539650448044995; -7.16617446915946E-05; Current
-0.539650448044995; -0.734573062982236; CEPotential
-0.549650486005703; -7.20765930087514E-05; Current
-0.549650486005703; -0.745354353908624; CEPotential
-0.559650523966411; -7.31828611483004E-05; Current
-0.559650523966411; -0.756370020724717; CEPotential
-0.569650561927119; -7.37598340951507E-05; Current
-0.569650561927119; -0.767307562244241; CEPotential
-0.579650599887827; -7.48804073490844E-05; Current
-0.579650599887827; -0.778401354356902; CEPotential
-0.589650637848536; -7.50234584929316E-05; Current
-0.589650637848536; -0.789260770579858; CEPotential
-0.599650675809244; -7.59008448023252E-05; Current
-0.599650675809244; -0.800276437395951; CEPotential
-0.609650713769952; -7.58960764308636E-05; Current
-0.609650713769952; -0.811370229508611; CEPotential
-0.61965075173066; -7.56528835258591E-05; Current
-0.61965075173066; -0.822464021621272; CEPotential
-0.629650789691368; -7.74171928875694E-05; Current
-0.629650789691368; -0.833323437844228; CEPotential
-0.639650827652076; -7.82993416079602E-05; Current
-0.639650827652076; -0.844417229956889; CEPotential
-0.649572740316216; -7.80513862919585E-05; Current
-0.649572740316216; -0.855432896772982; CEPotential
-0.659572778276925; -7.93769995187398E-05; Current
-0.659572778276925; -0.866526688885642; CEPotential
-0.669572816237633; -7.98681417792818E-05; Current
-0.669572816237633; -0.877386105108599; CEPotential
-0.679572854198341; -7.97584692356656E-05; Current
-0.679572854198341; -0.888558022517827; CEPotential
-0.689572892159049; -8.12128284919094E-05; Current
-0.689572892159049; -0.899729939927056; CEPotential
-0.699572930119757; -8.09171894612919E-05; Current
-0.699572930119757; -0.910667481446581; CEPotential
-0.709572968080465; -8.12748173209098E-05; Current
-0.709572968080465; -0.921761273559241; CEPotential
-0.719573006041173; -8.17039707524513E-05; Current
-0.719573006041173; -0.933011316265038; CEPotential
-0.729573044001882; -8.28769960924624E-05; Current
-0.729573044001882; -0.94402698308113; CEPotential
-0.73957308196259; -8.37972977450101E-05; Current
-0.73957308196259; -0.954964524600655; CEPotential
-0.749573119923298; -8.34587374107742E-05; Current
-0.749573119923298; -0.96629269260302; CEPotential
-0.759573157884006; -8.49321701528643E-05; Current
-0.759573157884006; -0.977620860605384; CEPotential
-0.769573195844714; -8.52707304871002E-05; Current
-0.769573195844714; -0.988792778014613; CEPotential
-0.779573233805422; -8.66583265824177E-05; Current
-0.779573233805422; -0.999652194237569; CEPotential
-0.789495146469562; -8.65009703241858E-05; Current
-0.789495146469562; -1.01098036223993; CEPotential
-0.79949518443027; -8.71780850321933E-05; Current
-0.79949518443027; -1.02238665553887; CEPotential
-0.809495222390979; -8.73115994331174E-05; Current
-0.809495222390979; -1.03387107413437; CEPotential
-0.819495260351687; -8.79028774943523E-05; Current
-0.819495260351687; -1.04496486624703; CEPotential
-0.829495298312395; -8.91140498060559E-05; Current
-0.829495298312395; -1.05637115954596; CEPotential
-0.839495336273103; -8.85180033733594E-05; Current
-0.839495336273103; -1.06762120225176; CEPotential
-0.849495374233811; -9.00009728583727E-05; Current
-0.849495374233811; -1.07855874377128; CEPotential
-0.859495412194519; -9.0754375549301E-05; Current
-0.859495412194519; -1.08965253588394; CEPotential
-0.869495450155227; -9.14028740680748E-05; Current
-0.869495450155227; -1.10098070388631; CEPotential
-0.879495488115936; -9.16412986016178E-05; Current
-0.879495488115936; -1.11215262129554; CEPotential
-0.889495526076644; -9.20609152902361E-05; Current
-0.889495526076644; -1.12316828811163; CEPotential
-0.899495564037352; -9.26092780083169E-05; Current
-0.899495564037352; -1.13434020552086; CEPotential
-0.90949560199806; -9.24233115213156E-05; Current
-0.90949560199806; -1.14551212293009; CEPotential
-0.919495639958768; -9.71058701779723E-05; Current
-0.919495639958768; -1.15691841622902; CEPotential
-0.929417552622908; -9.41303944650227E-05; Current
-0.929417552622908; -1.16809033363825; CEPotential
-0.939417590583616; -9.48742663734923E-05; Current
-0.939417590583616; -1.17949662693718; CEPotential
-0.949417628544325; -9.58565508945761E-05; Current
-0.949417628544325; -1.19113729612582; CEPotential
-0.959417666505033; -9.59042346091918E-05; Current
-0.959417666505033; -1.20269984001789; CEPotential
-0.969417704465741; -9.69675874055867E-05; Current
-0.969417704465741; -1.21371550683398; CEPotential
-0.979417742426449; -9.69628190341252E-05; Current
-0.979417742426449; -1.22519992542948; CEPotential
-0.989417780387157; -9.74301194373592E-05; Current
-0.989417780387157; -1.23652809343184; CEPotential
-0.999417818347865; -9.82073699460598E-05; Current
-0.999417818347865; -1.24801251202734; CEPotential
-1.00941785630857; -9.84791671193694E-05; Current
-1.00941785630857; -1.25926255473314; CEPotential
-1.01941789426928; -9.97380231456887E-05; Current
-1.01941789426928; -1.27082509862521; CEPotential
-1.02941793222999; -0.000100095651005307; Current
-1.02941793222999; -1.28230951722071; CEPotential
-1.0394179701907; -0.000100672623952157; Current
-1.0394179701907; -1.29379393581621; CEPotential
-1.04941800815141; -0.000103671941522414; Current
-1.04941800815141; -1.30551273030142; CEPotential
-1.05941804611211; -0.000102579984457714; Current
-1.05941804611211; -1.31762215126946; CEPotential
-1.06933995877625; -0.000103681478265337; Current
-1.06933995877625; -1.32887219397526; CEPotential
-1.07933999673696; -0.000104544553499882; Current
-1.07933999673696; -1.34027848727419; CEPotential
-1.08934003469767; -0.000104401502356035; Current
-1.08934003469767; -1.35160665527656; CEPotential
-1.09934007265838; -0.000105259821140046; Current
-1.09934007265838; -1.36363795094803; CEPotential
-1.10934011061909; -0.000106099054517283; Current
-1.10934011061909; -1.37559112132294; CEPotential
-1.11934014857979; -0.000106952593008905; Current
-1.11934014857979; -1.38723179051158; CEPotential
-1.1293401865405; -0.000107558176184524; Current
-1.1293401865405; -1.39902871029335; CEPotential
-1.13934022450121; -0.000108645376798691; Current
-1.13934022450121; -1.41098188066826; CEPotential
-1.14934026246192; -0.000110185560780779; Current
-1.14934026246192; -1.42293505104317; CEPotential
-1.15934030042263; -0.000111020037707483; Current
-1.15934030042263; -1.43418509374897; CEPotential
-1.16934033838334; -0.000110605177469397; Current
-1.16934033838334; -1.44527888586163; CEPotential
-1.17934037634404; -0.000112030932457336; Current
-1.17934037634404; -1.45621642738115; CEPotential
-1.18934041430475; -0.000111206004194484; Current
-1.18934041430475; -1.46746647008695; CEPotential
-1.19934045226546; -0.000111887881313489; Current
-1.19934045226546; -1.47863838749618; CEPotential
-1.2092623649296; -0.00011325640392296; Current
-1.2092623649296; -1.49106030965049; CEPotential
-1.21926240289031; -0.000114052721957043; Current
-1.21926240289031; -1.50363848239795; CEPotential
-1.22926244085102; -0.000114849051912054; Current
-1.22926244085102; -1.51543540217972; CEPotential
-1.23926247881172; -0.00011471553751113; Current
-1.23926247881172; -1.52738857255463; CEPotential
-1.24926251677243; -0.000114605864967514; Current
-1.24926251677243; -1.53949799352267; CEPotential
-1.25926255473314; -0.000115421256487442; Current
-1.25926255473314; -1.55184179038042; CEPotential
-1.26926259269385; -0.000117300006764231; Current
-1.26926259269385; -1.56363871016219; CEPotential
-1.27926263065456; -0.00011674686375376; Current
-1.27926263065456; -1.57543562994397; CEPotential
-1.28926266861527; -0.000117333385364462; Current
-1.28926266861527; -1.58692004853947; CEPotential
-1.29926270657597; -0.000117972347140312; Current
-1.29926270657597; -1.59848259243154; CEPotential
-1.30926274453668; -0.000119550678094093; Current
-1.30926274453668; -1.60996701102704; CEPotential
-1.31926278249739; -0.000119917842696634; Current
-1.31926278249739; -1.62231080788479; CEPotential
-1.3292628204581; -0.000120256397070405; Current
-1.3292628204581; -1.63418585296313; CEPotential
-1.33926285841881; -0.000119035693976243; Current
-1.33926285841881; -1.64629527393117; CEPotential
-1.34926289637951; -0.000122292503605425; Current
-1.34926289637951; -1.65809219371295; CEPotential
-1.35918480904365; -0.000121872886916807; Current
-1.35918480904365; -1.6704359905707; CEPotential
-1.36918484700436; -0.000123188957440201; Current
-1.36918484700436; -1.6821547850559; CEPotential
-1.37918488496507; -0.00012382793113698; Current
-1.37918488496507; -1.69371732894797; CEPotential
-1.38918492292578; -0.000124781605429294; Current
-1.38918492292578; -1.70559237402631; CEPotential
-1.39918496088649; -0.000125229832346682; Current
-1.39918496088649; -1.71746741910465; CEPotential
-1.40918499884719; -0.000125024792373835; Current
-1.40918499884719; -1.72910808829329; CEPotential
-1.4191850368079; -0.000125592228577762; Current
-1.4191850368079; -1.74051438159222; CEPotential
-1.42918507476861; -0.000126154896410227; Current
-1.42918507476861; -1.75238942667056; CEPotential
-1.43918511272932; -0.000126235958725074; Current
-1.43918511272932; -1.76457697293517; CEPotential
-1.44918515069003; -0.000125897404351302; Current
-1.44918515069003; -1.77598326623411; CEPotential
-1.45918518865074; -0.000126760491506775; Current
-1.45918518865074; -1.78731143423647; CEPotential
-1.46918522661144; -0.000128486641975865; Current
-1.46918522661144; -1.79988960698392; CEPotential
-1.47918526457215; -0.000127604493255474; Current
-1.47918526457215; -1.81207715324854; CEPotential
-1.48918530253286; -0.000127661713713013; Current
-1.48918530253286; -1.82395219832688; CEPotential
-1.499107215197; -0.000129125603751715; Current
-1.499107215197; -1.83567099281208; CEPotential
-1.50910725315771; -0.000131123563315043; Current
-1.50910725315771; -1.8480929149664; CEPotential
-1.51910729111842; -0.000131338140030813; Current
-1.51910729111842; -1.86020233593445; CEPotential
-1.52910732907912; -0.00012999345927865; Current
-1.52910732907912; -1.87262425808876; CEPotential
-1.53910736703983; -0.000130575200596962; Current
-1.53910736703983; -1.88332742371858; CEPotential
-1.54910740500054; -0.000128257760145709; Current
-1.54910740500054; -1.89473371701752; CEPotential
-1.55910744296125; -0.000131180783772581; Current
-1.55910744296125; -1.90660876209586; CEPotential
-1.56910748092196; -0.000131466886060276; Current
-1.56910748092196; -1.91856193247077; CEPotential
-1.57910751888267; -0.000132935556391369; Current
-1.57910751888267; -1.92981197517656; CEPotential
-1.58910755684337; -0.000134027513456069; Current
-1.58910755684337; -1.94199952144118; CEPotential
-1.59910759480408; -0.000135005029605691; Current
-1.59910759480408; -1.95496832067147; CEPotential
-1.60910763276479; -0.000134580644545611; Current
-1.60910763276479; -1.96668711515667; CEPotential
-1.6191076707255; -0.000134809526375766; Current
-1.6191076707255; -1.97871841082815; CEPotential
-1.62910770868621; -0.000135252984921693; Current
-1.62910770868621; -1.99035908001679; CEPotential
-1.63902962135035; -0.000135281595150462; Current
-1.63902962135035; -2.00215599979856; CEPotential
-1.64902965931105; -0.000134885820319152; Current
-1.64902965931105; -2.01356229309749; CEPotential
-1.65902969727176; -0.000135558160695233; Current
-1.65902969727176; -2.02543733817583; CEPotential
-1.66902973523247; -0.000135543855580848; Current
-1.66902973523247; -2.03707800736447; CEPotential
-1.67902977319318; -0.000137913748118178; Current
-1.67902977319318; -2.04918742833252; CEPotential
-1.68902981115389; -0.000137665792802177; Current
-1.68902981115389; -2.06129684930056; CEPotential
-1.69902984911459; -0.000139382418449271; Current
-1.69902984911459; -2.07442189912399; CEPotential
-1.7090298870753; -0.000139325197991732; Current
-1.7090298870753; -2.08700007187144; CEPotential
-1.71902992503601; -0.000140388544827663; Current
-1.71902992503601; -2.09942199402576; CEPotential
-1.72902996299672; -0.000140579279686126; Current
-1.72902996299672; -2.11168766558694; CEPotential
-1.73903000095743; -0.000140302714141355; Current
-1.73903000095743; -2.1242658383344; CEPotential
-1.74903003891814; -0.000141504343749671; Current
-1.74903003891814; -2.13614088341274; CEPotential
-1.75903007687884; -0.000140321787627201; Current
-1.75903007687884; -2.1474690514151; CEPotential
-1.76903011483955; -0.000140536364342972; Current
-1.76903011483955; -2.15989097356942; CEPotential
-1.77895202750369; -0.000141499575378209; Current
-1.77895202750369; -2.17145351746149; CEPotential
-1.7889520654644; -0.000141504343749671; Current
-1.7889520654644; -2.18504731906432; CEPotential
-1.79895210342511; -0.000143049308024149; Current
-1.79895210342511; -2.1987973712603; CEPotential
-1.7889520654644; -0.000134242090171839; Current
-1.7889520654644; -2.14020339883427; CEPotential
-1.77895202750369; -0.000129096993522946; Current
-1.77895202750369; -2.0902813343273; CEPotential
-1.76903011483955; -0.000123928066937673; Current
-1.76903011483955; -2.04559366469039; CEPotential
-1.75903007687884; -0.000120785698223568; Current
-1.75903007687884; -2.00637476581323; CEPotential
-1.74903003891814; -0.000119479152522169; Current
-1.74903003891814; -1.97449964481348; CEPotential
-1.73903000095743; -0.000115092238856594; Current
-1.73903000095743; -1.94590578626958; CEPotential
-1.72902996299672; -0.000113761851297887; Current
-1.72902996299672; -1.92004631310556; CEPotential
-1.71902992503601; -0.000111391970681485; Current
-1.71902992503601; -1.89715560121113; CEPotential
-1.7090298870753; -0.000110738691870321; Current
-1.7090298870753; -1.87590552054462; CEPotential
-1.69902984911459; -0.000107968268051148; Current
-1.69902984911459; -1.85660857229232; CEPotential
-1.68902981115389; -0.000108426031711459; Current
-1.68902981115389; -1.8383272528954; CEPotential
-1.67902977319318; -0.000105789110372281; Current
-1.67902977319318; -1.82098343705729; CEPotential
-1.66902973523247; -0.000104902193280429; Current
-1.66902973523247; -1.8043427488883; CEPotential
-1.65902969727176; -0.000103423986206413; Current
-1.65902969727176; -1.7889520654644; CEPotential
-1.64902965931105; -0.000102856550002486; Current
-1.64902965931105; -1.77434263500618; CEPotential
-1.63902962135035; -0.000101182839698545; Current
-1.63902962135035; -1.75988945514109; CEPotential
-1.62910770868621; -0.000101635846908323; Current
-1.62910770868621; -1.74660815472453; CEPotential
-1.6191076707255; -0.00010092534763962; Current
-1.6191076707255; -1.73356123019767; CEPotential
-1.60910763276479; -9.86079131488318E-05; Current
-1.60910763276479; -1.71981117800169; CEPotential
-1.59910759480408; -9.99239896326901E-05; Current
-1.59910759480408; -1.70731113055081; CEPotential
-1.58910755684337; -9.79689513729812E-05; Current
-1.58910755684337; -1.69434233132051; CEPotential
-1.57910751888267; -9.57897936941141E-05; Current
-1.57910751888267; -1.67949852497259; CEPotential
-1.56910748092196; -9.65575074598915E-05; Current
-1.56910748092196; -1.66582659807318; CEPotential
-1.55910744296125; -9.69818925199714E-05; Current
-1.55910744296125; -1.65340467591886; CEPotential
-1.54910740500054; -9.52795779477259E-05; Current
-1.54910740500054; -1.64176400673023; CEPotential
-1.53910736703983; -9.40350270357913E-05; Current
-1.53910736703983; -1.62942020987248; CEPotential
-1.52910732907912; -9.34389806030948E-05; Current
-1.52910732907912; -1.61676391182846; CEPotential
-1.51910729111842; -9.31290364580926E-05; Current
-1.51910729111842; -1.60379511259816; CEPotential
-1.50910725315771; -9.17318976593876E-05; Current
-1.50910725315771; -1.59121693985071; CEPotential
-1.499107215197; -8.88517893756695E-05; Current
-1.499107215197; -1.57715438646846; CEPotential
-1.48918530253286; -9.03109170033748E-05; Current
-1.48918530253286; -1.56496684020385; CEPotential
-1.47918526457215; -8.9381078607904E-05; Current
-1.47918526457215; -1.55309179512551; CEPotential
-1.46918522661144; -8.89805354051319E-05; Current
-1.46918522661144; -1.54098237415747; CEPotential
-1.45918518865074; -8.74784924342724E-05; Current
-1.45918518865074; -1.52809170022374; CEPotential
-1.44918515069003; -8.78122784365824E-05; Current
-1.44918515069003; -1.5159822792557; CEPotential
-1.43918511272932; -8.53517928019469E-05; Current
-1.43918511272932; -1.50231035235629; CEPotential
-1.42918507476861; -8.49750854960184E-05; Current
-1.42918507476861; -1.48871655075345; CEPotential
-1.4191850368079; -8.47748138946324E-05; Current
-1.4191850368079; -1.47574775152316; CEPotential
-1.40918499884719; -8.30677309509253E-05; Current
-1.40918499884719; -1.46348207996198; CEPotential
-1.39918496088649; -8.21188250300724E-05; Current
-1.39918496088649; -1.4512164084008; CEPotential
-1.38918492292578; -8.25718203189218E-05; Current
-1.38918492292578; -1.43848198506021; CEPotential
-1.37918488496507; -8.25527468330755E-05; Current
-1.37918488496507; -1.42793507002352; CEPotential
-1.36918484700436; -8.07836750603679E-05; Current
-1.36918484700436; -1.41582564905548; CEPotential
-1.35918480904365; -8.01399389525914E-05; Current
-1.35918480904365; -1.40270059923205; CEPotential
-1.34926289637951; -7.93293158041241E-05; Current
-1.34926289637951; -1.39020055178116; CEPotential
-1.33926285841881; -7.74982552024161E-05; Current
-1.33926285841881; -1.37848175729596; CEPotential
-1.3292628204581; -7.82278160360366E-05; Current
-1.3292628204581; -1.36621608573478; CEPotential
-1.31926278249739; -7.8380403922807E-05; Current
-1.31926278249739; -1.35457541654614; CEPotential
-1.30926274453668; -7.81896690643441E-05; Current
-1.30926274453668; -1.34316912324721; CEPotential
-1.29926270657597; -7.62966196336356E-05; Current
-1.29926270657597; -1.33176282994827; CEPotential
-1.28926266861527; -7.52094249799329E-05; Current
-1.28926266861527; -1.31863778012485; CEPotential
-1.27926263065456; -7.426051905908E-05; Current
-1.27926263065456; -1.30535647970828; CEPotential
-1.26926259269385; -7.11992126598221E-05; Current
-1.26926259269385; -1.29191892869858; CEPotential
-1.25926255473314; -7.2481904582985E-05; Current
-1.25926255473314; -1.27910638006142; CEPotential
-1.24926251677243; -7.14757782045933E-05; Current
-1.24926251677243; -1.2662157061277; CEPotential
-1.23926247881172; -7.02741426358128E-05; Current
-1.23926247881172; -1.25410628515965; CEPotential
-1.22926244085102; -6.92775470398799E-05; Current
-1.22926244085102; -1.24121561122593; CEPotential
-1.21926240289031; -6.82904941473345E-05; Current
-1.21926240289031; -1.22879368907161; CEPotential
-1.2092623649296; -6.78184194121746E-05; Current
-1.2092623649296; -1.21652801751043; CEPotential
-1.19934045226546; -6.69315023203222E-05; Current
-1.19934045226546; -1.20371546887327; CEPotential
-1.18934041430475; -6.73463506374789E-05; Current
-1.18934041430475; -1.19184042379493; CEPotential
-1.17934037634404; -6.53531654060775E-05; Current
-1.17934037634404; -1.17965287753032; CEPotential
-1.16934033838334; -6.49860008035364E-05; Current
-1.16934033838334; -1.16707470478286; CEPotential
-1.15934030042263; -6.21631129773571E-05; Current
-1.15934030042263; -1.15449653203541; CEPotential
-1.14934026246192; -6.29689677543628E-05; Current
-1.14934026246192; -1.14184023399139; CEPotential
-1.13934022450121; -6.18007167462777E-05; Current
-1.13934022450121; -1.1291058106508; CEPotential
-1.1293401865405; -6.10854550665775E-05; Current
-1.1293401865405; -1.11605888612394; CEPotential
-1.11934014857979; -6.0355894232957E-05; Current
-1.11934014857979; -1.10363696396962; CEPotential
-1.10934011061909; -5.96549376676416E-05; Current
-1.10934011061909; -1.09191816948442; CEPotential
-1.09934007265838; -6.07612058071906E-05; Current
-1.09934007265838; -1.08027750029578; CEPotential
-1.08934003469767; -5.81195160965511E-05; Current
-1.08934003469767; -1.06840245521744; CEPotential
-1.07933999673696; -5.74710175777773E-05; Current
-1.07933999673696; -1.05613678365626; CEPotential
-1.06933995877625; -5.7013247957002E-05; Current
-1.06933995877625; -1.04480861565389; CEPotential
-1.05941804611211; -5.53204701276796E-05; Current
-1.05941804611211; -1.03254294409271; CEPotential
-1.04941800815141; -5.57257876623776E-05; Current
-1.04941800815141; -1.02027727253153; CEPotential
-1.0394179701907; -5.51106617833704E-05; Current
-1.0394179701907; -1.00894910452917; CEPotential
-1.02941793222999; -5.49866841253696E-05; Current
-1.02941793222999; -0.997308435340528; CEPotential
-1.01941789426928; -5.38613424999742E-05; Current
-1.01941789426928; -0.985589640855324; CEPotential
-1.00941785630857; -5.36706076415113E-05; Current
-1.00941785630857; -0.97340209459071; CEPotential
-0.999417818347865; -5.25118933763493E-05; Current
-0.999417818347865; -0.96152704951237; CEPotential
-0.989417780387157; -5.24308310615026E-05; Current
-0.989417780387157; -0.949730129730597; CEPotential
-0.979417742426449; -5.1219658749799E-05; Current
-0.979417742426449; -0.93808946054196; CEPotential
-0.969417704465741; -5.0986008548182E-05; Current
-0.969417704465741; -0.925745663684211; CEPotential
-0.959417666505033; -5.02087580394814E-05; Current
-0.959417666505033; -0.914104994495574; CEPotential
-0.949417628544325; -4.96460902070159E-05; Current
-0.949417628544325; -0.901995573527529; CEPotential
-0.939417590583616; -4.87639355261607E-05; Current
-0.939417590583616; -0.890120528449188; CEPotential
-0.929417552622908; -4.73763364506111E-05; Current
-0.929417552622908; -0.877229854515463; CEPotential
-0.919495639958768; -4.6551405207527E-05; Current
-0.919495639958768; -0.864886057657714; CEPotential
-0.90949560199806; -4.5736010707366E-05; Current
-0.90949560199806; -0.853011012579373; CEPotential
-0.899495564037352; -4.46392793107401E-05; Current
-0.899495564037352; -0.840667215721624; CEPotential
-0.889495526076644; -4.4830014169203E-05; Current
-0.889495526076644; -0.827776541787898; CEPotential
-0.879495488115936; -4.40575350121961E-05; Current
-0.879495488115936; -0.815901496709557; CEPotential
-0.869495450155227; -4.31610781971884E-05; Current
-0.869495450155227; -0.803948326334648; CEPotential
-0.859495412194519; -4.27080829083391E-05; Current
-0.859495412194519; -0.791682654773467; CEPotential
-0.849495374233811; -4.17400975411756E-05; Current
-0.849495374233811; -0.779963860288262; CEPotential
-0.839495336273103; -4.18688465508702E-05; Current
-0.839495336273103; -0.767776314023649; CEPotential
-0.829495298312395; -4.22264744104881E-05; Current
-0.829495298312395; -0.755745018352172; CEPotential
-0.819495260351687; -4.02380575505483E-05; Current
-0.819495260351687; -0.743479346790991; CEPotential
-0.809495222390979; -3.95800193086192E-05; Current
-0.809495222390979; -0.731682427009218; CEPotential
-0.79949518443027; -3.86978676079962E-05; Current
-0.79949518443027; -0.719338630151469; CEPotential
-0.789495146469562; -3.85118981407627E-05; Current
-0.789495146469562; -0.70699483329372; CEPotential
-0.779573233805422; -3.64042719942835E-05; Current
-0.779573233805422; -0.694807287029107; CEPotential
-0.769573195844714; -3.53599926837349E-05; Current
-0.769573195844714; -0.683244743137038; CEPotential
-0.759573157884006; -3.58129909528164E-05; Current
-0.759573157884006; -0.671057196872425; CEPotential
-0.749573119923298; -3.47544065278831E-05; Current
-0.749573119923298; -0.659025901200948; CEPotential
-0.73957308196259; -3.46351972413438E-05; Current
-0.73957308196259; -0.647228981419175; CEPotential
-0.729573044001882; -3.40677610374167E-05; Current
-0.729573044001882; -0.635510186933971; CEPotential
-0.719573006041173; -3.32905135089483E-05; Current
-0.719573006041173; -0.623713267152198; CEPotential
-0.709572968080465; -3.22748444271691E-05; Current
-0.709572968080465; -0.611525720887585; CEPotential
-0.699572930119757; -3.19124481960897E-05; Current
-0.699572930119757; -0.599650675809244; CEPotential
-0.689572892159049; -3.17312500805499E-05; Current
-0.689572892159049; -0.588244382510311; CEPotential
-0.679572854198341; -3.12019578680833E-05; Current
-0.679572854198341; -0.57636933743197; CEPotential
-0.669572816237633; -3.10398332383898E-05; Current
-0.669572816237633; -0.564728668243333; CEPotential
-0.659572778276925; -3.00623111283032E-05; Current
-0.659572778276925; -0.553009873758128; CEPotential
-0.649572740316216; -2.8903593882909E-05; Current
-0.649572740316216; -0.540978578086651; CEPotential
-0.639650827652076; -2.82455556409799E-05; Current
-0.639650827652076; -0.528947282415174; CEPotential
-0.629650789691368; -2.76256643707434E-05; Current
-0.629650789691368; -0.516994112040265; CEPotential
-0.61965075173066; -2.71631323389709E-05; Current
-0.61965075173066; -0.505275317555061; CEPotential
-0.609650713769952; -2.61140846569607E-05; Current
-0.609650713769952; -0.493244021883584; CEPotential
-0.599650675809244; -2.59281181699594E-05; Current
-0.599650675809244; -0.481290851508675; CEPotential
-0.589650637848536; -2.42544138264833E-05; Current
-0.589650637848536; -0.469337681133766; CEPotential
-0.579650599887827; -2.54512810238022E-05; Current
-0.579650599887827; -0.457775137241697; CEPotential
-0.569650561927119; -2.4035068739251E-05; Current
-0.569650561927119; -0.44574384157022; CEPotential
-0.559650523966411; -2.31386104341272E-05; Current
-0.559650523966411; -0.433946921788447; CEPotential
-0.549650486005703; -2.25473308827762E-05; Current
-0.549650486005703; -0.422384377896378; CEPotential
-0.539650448044995; -2.22087750188885E-05; Current
-0.539650448044995; -0.410899959300878; CEPotential
-0.529650410084287; -2.17748517257694E-05; Current
-0.529650410084287; -0.399181164815673; CEPotential
-0.519650372123579; -2.09117735109926E-05; Current
-0.519650372123579; -0.387462370330468; CEPotential
-0.50965033416287; -2.03395659553718E-05; Current
-0.50965033416287; -0.376134202328103; CEPotential
-0.499650296202162; -1.8684935097742E-05; Current
-0.499650296202162; -0.364493533139466; CEPotential
-0.489728383538022; -1.82510118046229E-05; Current
-0.489728383538022; -0.352774738654261; CEPotential
-0.479728345577314; -1.82176332043919E-05; Current
-0.479728345577314; -0.341134069465625; CEPotential
-0.469728307616606; -1.85037354920862E-05; Current
-0.469728307616606; -0.329727776166692; CEPotential
-0.459728269655898; -1.86086411543569E-05; Current
-0.459728269655898; -0.318008981681487; CEPotential
-0.44972823169519; -1.69015567205337E-05; Current
-0.44972823169519; -0.306290187196282; CEPotential
-0.439728193734481; -1.64104129698757E-05; Current
-0.439728193734481; -0.294649518007645; CEPotential
-0.429728155773773; -1.50991063475951E-05; Current
-0.429728155773773; -0.283321350005281; CEPotential
-0.419728117813065; -1.53518300350584E-05; Current
-0.419728117813065; -0.271602555520076; CEPotential
-0.409728079852357; -1.45793508780516E-05; Current
-0.409728079852357; -0.260040011628007; CEPotential
-0.399728041891649; -1.3983302955239E-05; Current
-0.399728041891649; -0.248477467735938; CEPotential
-0.389728003930941; -1.32489707699247E-05; Current
-0.389728003930941; -0.237149299733574; CEPotential
-0.379727965970233; -1.27196800475741E-05; Current
-0.379727965970233; -0.225586755841505; CEPotential
-0.369727928009524; -1.17898431422194E-05; Current
-0.369727928009524; -0.214024211949436; CEPotential
-0.359727890048816; -1.11604158741177E-05; Current
-0.359727890048816; -0.202383542760799; CEPotential
-0.349805977384676; -1.08552393555191E-05; Current
-0.349805977384676; -0.191133500055003; CEPotential
-0.339805939423968; -1.05548304633239E-05; Current
-0.339805939423968; -0.179570956162934; CEPotential
-0.32980590146326; -9.93970830960703E-06; Current
-0.32980590146326; -0.168008412270865; CEPotential
-0.319805863502552; -9.13385055236919E-06; Current
-0.319805863502552; -0.156836494861636; CEPotential
-0.309805825541844; -8.7428426024042E-06; Current
-0.309805825541844; -0.145273950969568; CEPotential
-0.299805787581136; -8.38521325267021E-06; Current
-0.299805787581136; -0.133633281780931; CEPotential
-0.289805749620427; -7.45060872091188E-06; Current
-0.289805749620427; -0.12214886318543; CEPotential
-0.279805711659719; -8.01327878855151E-06; Current
-0.279805711659719; -0.110820695183065; CEPotential
-0.269805673699011; -6.00578695264927E-06; Current
-0.269805673699011; -0.0993362765875645; CEPotential
-0.259805635738303; -6.02009206703398E-06; Current
-0.259805635738303; -0.0878518579920637; CEPotential
-0.249805597777595; -6.31096347124792E-06; Current
-0.249805597777595; -0.076367439396563; CEPotential
-0.239805559816887; -4.60388015501178E-06; Current
-0.239805559816887; -0.0651955219873344; CEPotential
-0.229805521856179; -5.88657692105192E-06; Current
-0.229805521856179; -0.0537111033918336; CEPotential
-0.21980548389547; -3.17813187259545E-06; Current
-0.21980548389547; -0.0422266847963328; CEPotential
-0.20988357123133; -2.53439911758008E-06; Current
-0.20988357123133; -0.0307422662008321; CEPotential
-0.199883533270622; -2.04802336585463E-06; Current
-0.199883533270622; -0.0195703487916035; CEPotential
-0.189883495309914; -2.00987620789754E-06; Current
-0.189883495309914; -0.00816405549267074; CEPotential
-0.179883457349206; -1.1944816146043E-06; Current
-0.179883457349206; 0.00332036310283002; CEPotential
-0.169883419388498; -8.22547243617853E-07; Current
-0.169883419388498; 0.0144922805120586; CEPotential
-0.15988338142779; -2.26736919814498E-06; Current
-0.15988338142779; 0.0259766991075594; CEPotential
-0.149883343467081; 4.0769729664662E-07; Current
-0.149883343467081; 0.0373829924064921; CEPotential
-0.139883305506373; 7.36716184780535E-07; Current
-0.139883305506373; 0.0489455362985609; CEPotential
-0.129883267545665; 1.82867734729976E-06; Current
-0.129883267545665; 0.0599612031146535; CEPotential
-0.119883229584957; 2.105244009658E-06; Current
-0.119883229584957; 0.0714456217101542; CEPotential
-0.109883191624249; 3.14475289983542E-06; Current
-0.109883191624249; 0.082930040305655; CEPotential
-0.0998831536635407; 3.2925731602022E-06; Current
-0.0998831536635407; 0.0942582083080197; CEPotential
-0.0898831157028326; 3.09706899895519E-06; Current
-0.0898831157028326; 0.105430125717248; CEPotential
-0.0798830777421244; 3.86477997076497E-06; Current
-0.0798830777421244; 0.116836419016181; CEPotential
-0.0699611650779843; 4.75170041537855E-06; Current
-0.0699611650779843; 0.128320837611682; CEPotential
-0.0599611271172762; 5.10932939258352E-06; Current
-0.0599611271172762; 0.139727130910615; CEPotential
-0.0499610891565681; 6.33480532855578E-06; Current
-0.0499610891565681; 0.150899048319843; CEPotential
-0.0399610511958599; 6.98807519902331E-06; Current
-0.0399610511958599; 0.162305341618776; CEPotential
-0.0299610132351518; 7.50782917845075E-06; Current
-0.0299610132351518; 0.173711634917709; CEPotential
-0.0199609752744436; 8.4901174248248E-06; Current
-0.0199609752744436; 0.185274178809777; CEPotential
-0.00996093731373549; 8.59979071349899E-06; Current
-0.00996093731373549; 0.19628984562587; CEPotential
3.91006469726563E-05; 9.23875472452377E-06; Current
3.91006469726563E-05; 0.207774264221371; CEPotential
0.0100391386076808; 1.04356204317266E-05; Current
0.0100391386076808; 0.219180557520303; CEPotential
0.0200391765683889; 1.02591906876484E-05; Current
0.0200391765683889; 0.230196224336396; CEPotential
0.0300392145290971; 1.14989717380054E-05; Current
0.0300392145290971; 0.241602517635329; CEPotential
0.0400392524898052; 1.23477448383974E-05; Current
0.0400392524898052; 0.253008810934261; CEPotential
0.0500392904505134; 1.31631400836164E-05; Current
0.0500392904505134; 0.264415104233194; CEPotential
0.0600393284112215; 1.33061912274636E-05; Current
0.0600393284112215; 0.275587021642423; CEPotential
0.0700393663719296; 1.379256660666E-05; Current
0.0700393663719296; 0.286915189644787; CEPotential
0.0799612790360698; 1.42264898997792E-05; Current
0.0799612790360698; 0.298243357647152; CEPotential
0.0899613169967779; 1.53327565492121E-05; Current
0.0899613169967779; 0.309415275056381; CEPotential
0.099961354957486; 1.55473347550989E-05; Current
0.099961354957486; 0.320509067169041; CEPotential
0.109961392918194; 1.63865711125678E-05; Current
0.109961392918194; 0.331915360467974; CEPotential
0.119961430878902; 1.67775790625328E-05; Current
0.119961430878902; 0.343243528470339; CEPotential
0.12996146883961; 1.81461061423522E-05; Current
0.12996146883961; 0.354649821769272; CEPotential
0.139961506800319; 1.79124559407352E-05; Current
0.139961506800319; 0.365665488585364; CEPotential
0.149961544761027; 1.90282593330913E-05; Current
0.149961544761027; 0.376837405994593; CEPotential
0.159961582721735; 1.9757823146944E-05; Current
0.159961582721735; 0.388165573996957; CEPotential
0.169961620682443; 2.04397017560649E-05; Current
0.169961620682443; 0.399493741999322; CEPotential
0.179961658643151; 2.08259413345683E-05; Current
0.179961658643151; 0.410665659408551; CEPotential
0.189961696603859; 2.15459684054978E-05; Current
0.189961696603859; 0.422071952707483; CEPotential
0.199961734564567; 2.22373852476579E-05; Current
0.199961734564567; 0.433556371302984; CEPotential
0.209961772525276; 2.29335704612796E-05; Current
0.209961772525276; 0.444493912822509; CEPotential
0.219883685189416; 2.30909267195115E-05; Current
0.229883723150124; 2.377757519021E-05; Current
0.239883761110832; 2.48647683537967E-05; Current
0.219883685189416; 0.455978331418009; CEPotential
0.229883723150124; 0.467306499420374; CEPotential
0.239883761110832; 0.478556542126171; CEPotential
0.24988379907154; 2.52986901567998E-05; Current
0.24988379907154; 0.489494083645695; CEPotential
0.259883837032248; 2.60091804848062E-05; Current
0.259883837032248; 0.50082225164806; CEPotential
0.269883874992956; 2.55466484530337E-05; Current
0.269883874992956; 0.512228544946993; CEPotential
0.279883912953665; 2.75016867127425E-05; Current
0.279883912953665; 0.523634838245925; CEPotential
0.289883950914373; 2.70868383955858E-05; Current
0.289883950914373; 0.534650505062018; CEPotential
0.299883988875081; 2.76161276278203E-05; Current
0.299883988875081; 0.546134923657519; CEPotential
0.309884026835789; 2.87748478534466E-05; Current
0.309884026835789; 0.557384966363315; CEPotential
0.319884064796497; 2.89322041116785E-05; Current
0.319884064796497; 0.56871313436568; CEPotential
0.329884102757205; 2.96999148972237E-05; Current
0.329884102757205; 0.579728801181773; CEPotential
0.339884140717913; 3.04247103396149E-05; Current
0.339884140717913; 0.591056969184137; CEPotential
0.349884178678622; 3.08443270282332E-05; Current
0.349884178678622; 0.602541387779638; CEPotential
0.359806091342762; 3.1416534583854E-05; Current
0.359806091342762; 0.613713305188867; CEPotential
0.36980612930347; 3.23511383705543E-05; Current
0.36980612930347; 0.6251195984878; CEPotential
0.379806167264178; 3.22033188552456E-05; Current
0.379806167264178; 0.636525891786732; CEPotential
0.389806205224886; 3.30616286985607E-05; Current
0.389806205224886; 0.647775934492529; CEPotential
0.399806243185594; 3.40296140657241E-05; Current
0.399806243185594; 0.65886972660519; CEPotential
0.409806281146302; 3.36672148544125E-05; Current
0.409806281146302; 0.670197894607554; CEPotential
0.41980631910701; 3.46685758415748E-05; Current
0.41980631910701; 0.681526062609919; CEPotential
0.429806357067719; 3.52074047969646E-05; Current
0.429806357067719; 0.692932355908852; CEPotential
0.439806395028427; 3.61610820695112E-05; Current
0.439806395028427; 0.704026148021512; CEPotential
0.449806432989135; 3.6499639423515E-05; Current
0.449806432989135; 0.715432441320445; CEPotential
0.459806470949843; 3.68858775119023E-05; Current
0.459806470949843; 0.726838734619378; CEPotential
0.469806508910551; 3.82448693389147E-05; Current
0.469806508910551; 0.738088777325174; CEPotential
0.479806546871259; 3.83116265393767E-05; Current
0.479806546871259; 0.749182569437835; CEPotential
0.489806584831967; 3.72578134661371E-05; Current
0.489806584831967; 0.7605107374402; CEPotential
0.499728497496108; 3.92033149829228E-05; Current
0.499728497496108; 0.771838905442564; CEPotential
0.489806584831967; 3.29424194120214E-05; Current
0.489806584831967; 0.712385554754292; CEPotential
0.479806546871259; 2.62619071525016E-05; Current
0.479806546871259; 0.661525986688503; CEPotential
0.469806508910551; 2.23565945341972E-05; Current
0.469806508910551; 0.617775820610404; CEPotential
0.459806470949843; 1.77217195921562E-05; Current
0.459806470949843; 0.579260049402365; CEPotential
0.449806432989135; 1.56665440416382E-05; Current
0.449806432989135; 0.54527554539527; CEPotential
0.439806395028427; 1.27912056194977E-05; Current
0.439806395028427; 0.514962930326874; CEPotential
0.429806357067719; 9.7155941058551E-06; Current
0.429806357067719; 0.488009703010903; CEPotential
0.41980631910701; 7.84161667087687E-06; Current
0.41980631910701; 0.462931482812564; CEPotential
0.409806281146302; 5.81028260513775E-06; Current
0.409806281146302; 0.439962645621563; CEPotential
0.399806243185594; 3.96968451544857E-06; Current
0.399806243185594; 0.41824381317565; CEPotential
0.389806205224886; 2.22445385499083E-06; Current
0.389806205224886; 0.398243737254234; CEPotential
0.379806167264178; 9.13146580784487E-07; Current
0.379806167264178; 0.379181164891634; CEPotential
0.36980612930347; -5.50748999287312E-07; Current
0.36980612930347; 0.360899845494714; CEPotential
0.359806091342762; -2.04802336585463E-06; Current
0.359806091342762; 0.343477904360043; CEPotential
0.349884178678622; -1.2993861592879E-06; Current
0.349884178678622; 0.32691534148762; CEPotential
0.339884140717913; -4.38930269418299E-06; Current
0.339884140717913; 0.310587154504901; CEPotential
0.329884102757205; -5.78167237636832E-06; Current
0.329884102757205; 0.294727719301591; CEPotential
0.319884064796497; -6.18698544071802E-06; Current
0.319884064796497; 0.279493286470824; CEPotential
0.309884026835789; -7.63180758150966E-06; Current
0.309884026835789; 0.264336978936626; CEPotential
0.299883988875081; -8.41382348143964E-06; Current
0.299883988875081; 0.2494931725887; CEPotential
0.289883950914373; -1.00016971386075E-05; Current
0.289883950914373; 0.234961867427046; CEPotential
0.279883912953665; -1.04880732628619E-05; Current
0.279883912953665; 0.220821188748232; CEPotential
0.269883874992956; -1.19901154886634E-05; Current
0.269883874992956; 0.20660238477285; CEPotential
0.259883837032248; -1.20664101771066E-05; Current
0.259883837032248; 0.192461706094036; CEPotential
0.24988379907154; -1.29628669921143E-05; Current
0.24988379907154; 0.178555403304927; CEPotential
0.239883761110832; -1.44506048485891E-05; Current
0.239883761110832; 0.165117852295225; CEPotential
0.229883723150124; -1.50609593759025E-05; Current
0.229883723150124; 0.151445925395819; CEPotential
0.219883685189416; -1.64437915701067E-05; Current
0.219883685189416; 0.138008374386118; CEPotential
0.209961772525276; -1.73307116421912E-05; Current
0.209961772525276; 0.124648948672984; CEPotential
0.199961734564567; -1.76644991346173E-05; Current
0.199961734564567; 0.111680149442691; CEPotential
0.189961696603859; -1.84322099201626E-05; Current
0.189961696603859; 0.0985550996192615; CEPotential
0.179961658643151; -1.92189941915542E-05; Current
0.179961658643151; 0.0855081750924001; CEPotential
0.169961620682443; -2.04301650131417E-05; Current
0.169961620682443; 0.0727737517518108; CEPotential
0.159961582721735; -2.10691297692245E-05; Current
0.159961582721735; 0.0598049525215174; CEPotential
0.149961544761027; -2.17176312682305E-05; Current
0.149961544761027; 0.0469924038843601; CEPotential
0.139961506800319; -2.23041424481199E-05; Current
0.139961506800319; 0.0344142311369069; CEPotential
0.12996146883961; -2.5150870641491E-05; Current
0.12996146883961; 0.0219923089825897; CEPotential
0.119961430878902; -2.43545496271763E-05; Current
0.119961430878902; 0.00933601093856851; CEPotential
0.109961392918194; -2.42830240552527E-05; Current
0.109961392918194; -0.00316403651231667; CEPotential
0.099961354957486; -2.58279823692664E-05; Current
0.099961354957486; -0.0155859586666338; CEPotential
0.0899613169967779; -2.65289359543497E-05; Current
0.0899613169967779; -0.0276953796346788; CEPotential
0.0799612790360698; -2.69962393378159E-05; Current
0.0799612790360698; -0.0399610511958599; CEPotential
0.0700393663719296; -2.7663811342436E-05; Current
0.0700393663719296; -0.052304848053609; CEPotential
0.0600393284112215; -2.84887425855201E-05; Current
0.0600393284112215; -0.0644923943182221; CEPotential
0.0500392904505134; -2.82503240124415E-05; Current
0.0500392904505134; -0.076367439396563; CEPotential
0.0400392524898052; -2.97571353547626E-05; Current
0.0400392524898052; -0.0886331109577441; CEPotential
0.0300392145290971; -3.03055010530756E-05; Current
0.0300392145290971; -0.100742531925789; CEPotential
0.0200391765683889; -3.1550048984778E-05; Current
0.0200391765683889; -0.112851952893834; CEPotential
0.0100391386076808; -3.18933747102434E-05; Current
0.0100391386076808; -0.124648872675607; CEPotential
3.91006469726563E-05; -3.27326110677122E-05; Current
3.91006469726563E-05; -0.136602043050516; CEPotential
-0.00996093731373549; -3.34621748815649E-05; Current
-0.00996093731373549; -0.148555213425425; CEPotential
-0.0199609752744436; -3.45112195833429E-05; Current
-0.0199609752744436; -0.160117757317494; CEPotential
-0.0299610132351518; -3.40391508086473E-05; Current
-0.0299610132351518; -0.172070927692403; CEPotential
-0.0399610511958599; -3.55221173134284E-05; Current
-0.0399610511958599; -0.183945972770744; CEPotential
-0.0499610891565681; -3.55221173134284E-05; Current
-0.0499610891565681; -0.195664767255948; CEPotential
-0.0599611271172762; -3.6833425425825E-05; Current
-0.0599611271172762; -0.207305436444585; CEPotential
-0.0699611650779843; -3.74104013529074E-05; Current
-0.0699611650779843; -0.219102356226358; CEPotential
-0.0798830777421244; -3.76059045828318E-05; Current
-0.0798830777421244; -0.230821150711563; CEPotential
-0.0898831157028326; -3.82067223672221E-05; Current
-0.0898831157028326; -0.242539945196768; CEPotential
-0.0998831536635407; -3.82734795676841E-05; Current
-0.0998831536635407; -0.253868113199132; CEPotential
-0.109883191624249; -3.9870889967775E-05; Current
-0.109883191624249; -0.265586907684337; CEPotential
-0.119883229584957; -4.13633961957114E-05; Current
-0.119883229584957; -0.277305702169542; CEPotential
-0.129883267545665; -4.13729329386346E-05; Current
-0.129883267545665; -0.288868246061611; CEPotential
-0.139883305506373; -4.18306995791777E-05; Current
-0.139883305506373; -0.300274539360544; CEPotential
-0.149883343467081; -4.21263386097951E-05; Current
-0.149883343467081; -0.311837083252613; CEPotential
-0.15988338142779; -4.37618959815787E-05; Current
-0.15988338142779; -0.323477752441249; CEPotential
-0.169883419388498; -4.39669359544263E-05; Current
-0.169883419388498; -0.335040296333318; CEPotential
-0.179883457349206; -4.43674821374305E-05; Current
-0.179883457349206; -0.346290339039115; CEPotential
-0.189883495309914; -4.49349213215897E-05; Current
-0.189883495309914; -0.357774757634616; CEPotential
-0.199883533270622; -4.40956819838887E-05; Current
-0.199883533270622; -0.369337301526684; CEPotential
-0.20988357123133; -4.61556273959843E-05; Current
-0.20988357123133; -0.380509218935913; CEPotential
-0.21980548389547; -4.66992247228357E-05; Current
-0.21980548389547; -0.39214988812455; CEPotential
-0.229805521856179; -4.77435010531521E-05; Current
-0.229805521856179; -0.403634306720051; CEPotential
-0.239805559816887; -4.81631207220026E-05; Current
-0.239805559816887; -0.415118725315551; CEPotential
-0.249805597777595; -4.95459514260907E-05; Current
-0.249805597777595; -0.42629064272478; CEPotential
-0.259805635738303; -5.01133906102499E-05; Current
-0.259805635738303; -0.437775061320281; CEPotential
-0.269805673699011; -4.99083506374023E-05; Current
-0.269805673699011; -0.449181354619213; CEPotential
-0.279805711659719; -5.08143471755654E-05; Current
-0.279805711659719; -0.460587647918146; CEPotential
-0.289805749620427; -5.08906411189505E-05; Current
-0.289805749620427; -0.471837690623943; CEPotential
-0.299805787581136; -5.11672066637217E-05; Current
-0.299805787581136; -0.483322109219444; CEPotential
-0.309805825541844; -5.24546729188105E-05; Current
-0.309805825541844; -0.494728402518376; CEPotential
-0.319805863502552; -5.30221091227375E-05; Current
-0.319805863502552; -0.506134695817309; CEPotential
-0.32980590146326; -5.3284369553124E-05; Current
-0.32980590146326; -0.517150362633402; CEPotential
-0.339805939423968; -5.37373648419734E-05; Current
-0.339805939423968; -0.528556655932334; CEPotential
-0.349805977384676; -5.53776905852185E-05; Current
-0.349805977384676; -0.539884823934699; CEPotential
-0.359727890048816; -5.65268740679217E-05; Current
-0.359727890048816; -0.551056741343928; CEPotential
-0.369727928009524; -5.67939028697697E-05; Current
-0.369727928009524; -0.562541159939428; CEPotential
-0.379727965970233; -5.69274172706937E-05; Current
-0.379727965970233; -0.574025578534929; CEPotential
-0.389728003930941; -5.73136613195454E-05; Current
-0.389728003930941; -0.585431871833862; CEPotential
-0.399728041891649; -5.83531662981681E-05; Current
-0.399728041891649; -0.596525663946522; CEPotential
-0.409728079852357; -5.89492186913289E-05; Current
-0.409728079852357; -0.607931957245455; CEPotential
-0.419728117813065; -5.94689711806403E-05; Current
-0.419728117813065; -0.619416375840956; CEPotential
-0.429728155773773; -6.10520764663465E-05; Current
-0.429728155773773; -0.630822669139889; CEPotential
-0.439728193734481; -6.00554808704136E-05; Current
-0.439728193734481; -0.641838335955981; CEPotential
-0.44972823169519; -6.18770106896628E-05; Current
-0.44972823169519; -0.653244629254914; CEPotential
-0.459728269655898; -6.21011241483567E-05; Current
-0.459728269655898; -0.664494671960711; CEPotential
-0.469728307616606; -6.26256450091296E-05; Current
-0.469728307616606; -0.675822839963075; CEPotential
-0.479728345577314; -6.29498942685165E-05; Current
-0.479728345577314; -0.686916632075736; CEPotential
-0.489728383538022; -6.35554834046005E-05; Current
-0.489728383538022; -0.698322925374669; CEPotential
-0.499650296202162; -6.47428078985319E-05; Current
-0.499650296202162; -0.709807343970169; CEPotential
-0.50965033416287; -6.49764640606133E-05; Current
-0.50965033416287; -0.721213637269102; CEPotential
-0.519650372123579; -6.43374963242983E-05; Current
-0.519650372123579; -0.732385554678331; CEPotential
-0.529650410084287; -6.73368138945558E-05; Current
-0.529650410084287; -0.743791847977263; CEPotential
-0.539650448044995; -6.65166540031654E-05; Current
-0.539650448044995; -0.755198141276196; CEPotential
-0.549650486005703; -6.7580000839096E-05; Current
-0.549650486005703; -0.766448183981993; CEPotential
-0.559650523966411; -6.76181478107885E-05; Current
-0.559650523966411; -0.777698226687789; CEPotential
-0.569650561927119; -6.8886540580031E-05; Current
-0.569650561927119; -0.789104519986722; CEPotential
-0.579650599887827; -6.96304124885006E-05; Current
-0.579650599887827; -0.800588938582223; CEPotential
-0.589650637848536; -6.98402208328098E-05; Current
-0.589650637848536; -0.811760855991452; CEPotential
-0.599650675809244; -6.98688310615792E-05; Current
-0.599650675809244; -0.823167149290384; CEPotential
-0.609650713769952; -7.0584086780815E-05; Current
-0.609650713769952; -0.834729693182453; CEPotential
-0.61965075173066; -7.18381744356728E-05; Current
-0.61965075173066; -0.846135986481386; CEPotential
-0.629650789691368; -7.23102432103684E-05; Current
-0.629650789691368; -0.857307903890614; CEPotential
-0.639650827652076; -7.36930768946886E-05; Current
-0.639650827652076; -0.869026698375819; CEPotential
-0.649572740316216; -7.36644666659192E-05; Current
-0.649572740316216; -0.88051111697132; CEPotential
-0.659572778276925; -7.41269986976917E-05; Current
-0.659572778276925; -0.891995535566821; CEPotential
-0.669572816237633; -7.55098323820119E-05; Current
-0.669572816237633; -0.903323703569185; CEPotential
-0.679572854198341; -7.50806789504704E-05; Current
-0.679572854198341; -0.914886247461254; CEPotential
-0.689572892159049; -7.61726419756348E-05; Current
-0.689572892159049; -0.926370666056755; CEPotential
-0.699572930119757; -7.691650792364E-05; Current
-0.699572930119757; -0.937776959355688; CEPotential
-0.709572968080465; -7.67639200368697E-05; Current
-0.709572968080465; -0.949261377951188; CEPotential
-0.719573006041173; -7.72026102113343E-05; Current
-0.719573006041173; -0.960902047139825; CEPotential
-0.729573044001882; -7.78701881764187E-05; Current
-0.729573044001882; -0.97223021514219; CEPotential
-0.73957308196259; -7.89192358584289E-05; Current
-0.73957308196259; -0.983324007254851; CEPotential
-0.749573119923298; -8.01828542957455E-05; Current
-0.749573119923298; -0.994730300553783; CEPotential
-0.759573157884006; -8.07312229742906E-05; Current
-0.759573157884006; -1.00637096974242; CEPotential
-0.769573195844714; -8.15942982088352E-05; Current
-0.769573195844714; -1.01808976422762; CEPotential
-0.779573233805422; -8.18279484104522E-05; Current
-0.779573233805422; -1.02957418282313; CEPotential
-0.789495146469562; -8.17278126097592E-05; Current
-0.789495146469562; -1.04129297730833; CEPotential
-0.79949518443027; -8.3449200667851E-05; Current
-0.79949518443027; -1.0528555212004; CEPotential
-0.809495222390979; -8.46031525220158E-05; Current
-0.809495222390979; -1.06480869157531; CEPotential
-0.819495260351687; -8.4421954406476E-05; Current
-0.819495260351687; -1.07629311017081; CEPotential
-0.829495298312395; -8.55472960318714E-05; Current
-0.829495298312395; -1.08785565406288; CEPotential
-0.839495336273103; -8.63960661520312E-05; Current
-0.839495336273103; -1.09973069914122; CEPotential
-0.849495374233811; -8.64675917239548E-05; Current
-0.849495374233811; -1.11191824540583; CEPotential
-0.859495412194519; -8.73926617479641E-05; Current
-0.859495412194519; -1.12379329048417; CEPotential
-0.869495450155227; -8.79028774943523E-05; Current
-0.869495450155227; -1.13574646085908; CEPotential
-0.879495488115936; -8.86801280030529E-05; Current
-0.879495488115936; -1.1481683830134; CEPotential
-0.889495526076644; -8.85752238308983E-05; Current
-0.889495526076644; -1.16019967868488; CEPotential
-0.899495564037352; -8.93858469793655E-05; Current
-0.899495564037352; -1.17199659846665; CEPotential
-0.90949560199806; -9.03299904892211E-05; Current
-0.90949560199806; -1.18309039057931; CEPotential
-0.919495639958768; -9.13265801246897E-05; Current
-0.919495639958768; -1.19473105976795; CEPotential
-0.929417552622908; -9.17891181169265E-05; Current
-0.929417552622908; -1.20637172895658; CEPotential
-0.939417590583616; -9.30622792576306E-05; Current
-0.939417590583616; -1.21863740051776; CEPotential
-0.949417628544325; -9.342467548871E-05; Current
-0.949417628544325; -1.23082494678238; CEPotential
-0.959417666505033; -9.54655444347272E-05; Current
-0.959417666505033; -1.24332499423326; CEPotential
-0.969417704465741; -9.55561434924971E-05; Current
-0.969417704465741; -1.25551254049788; CEPotential
-0.979417742426449; -9.54989230349582E-05; Current
-0.979417742426449; -1.2681688385419; CEPotential
-0.989417780387157; -9.5980528552577E-05; Current
-0.989417780387157; -1.27980950773053; CEPotential
-0.999417818347865; -9.6485981887968E-05; Current
-0.999417818347865; -1.29152830221574; CEPotential
-1.00941785630857; -9.64144563160444E-05; Current
-1.00941785630857; -1.30301272081124; CEPotential
-1.01941789426928; -9.71917008642806E-05; Current
-1.01941789426928; -1.31520026707585; CEPotential
-1.02941793222999; -9.77543746572104E-05; Current
-1.02941793222999; -1.32699718685762; CEPotential
-1.0394179701907; -9.88129531216794E-05; Current
-1.0394179701907; -1.33895035723253; CEPotential
-1.04941800815141; -9.93279431999936E-05; Current
-1.04941800815141; -1.35074727701431; CEPotential
-1.05941804611211; -9.878434289291E-05; Current
-1.05941804611211; -1.36230982090638; CEPotential
-1.06933995877625; -9.97427915171503E-05; Current
-1.06933995877625; -1.37410674068815; CEPotential
-1.07933999673696; -0.000101120850869545; Current
-1.07933999673696; -1.3866849134356; CEPotential
-1.08934003469767; -0.000101659688765631; Current
-1.08934003469767; -1.4001224644453; CEPotential
-1.09934007265838; -0.000103152189033103; Current
-1.09934007265838; -1.4130912636756; CEPotential
-1.10934011061909; -0.000102160367769096; Current
-1.10934011061909; -1.42543506053335; CEPotential
-1.11934014857979; -0.000102980527660486; Current
-1.11934014857979; -1.43746635620482; CEPotential
-1.1293401865405; -0.000103886518238185; Current
-1.1293401865405; -1.45059140602825; CEPotential
-1.13934022450121; -0.000104506406528189; Current
-1.13934022450121; -1.46309145347914; CEPotential
-1.14934026246192; -0.000104406270727496; Current
-1.14934026246192; -1.47582587681973; CEPotential
-1.15934030042263; -0.000105326578340509; Current
-1.15934030042263; -1.4873884207118; CEPotential
-1.16934033838334; -0.000106890604179904; Current
-1.16934033838334; -1.50027909464552; CEPotential
-1.17934037634404; -0.00010700027672352; Current
-1.17934037634404; -1.51238851561357; CEPotential
-1.18934041430475; -0.000107739374300064; Current
-1.18934041430475; -1.52496668836102; CEPotential
-1.19934045226546; -0.000108416494968536; Current
-1.19934045226546; -1.53707610932906; CEPotential
-1.2092623649296; -0.000108011183394302; Current
-1.2092623649296; -1.54832615203486; CEPotential
-1.21926240289031; -0.000108869490257385; Current
-1.21926240289031; -1.56082619948575; CEPotential
-1.22926244085102; -0.000110242781238318; Current
-1.22926244085102; -1.57395124930918; CEPotential
-1.23926247881172; -0.000111258456280561; Current
-1.23926247881172; -1.58770130150515; CEPotential
-1.24926251677243; -0.000111039111193329; Current
-1.24926251677243; -1.60051385014231; CEPotential
-1.25926255473314; -0.000111821124113027; Current
-1.25926255473314; -1.6134826493726; CEPotential
-1.26926259269385; -0.000112212130572876; Current
-1.26926259269385; -1.62527956915437; CEPotential
-1.27926263065456; -0.000112350413345261; Current
-1.27926263065456; -1.63731086482585; CEPotential
-1.28926266861527; -0.000113890597327349; Current
-1.28926266861527; -1.64949841109046; CEPotential
-1.29926270657597; -0.000115144690942671; Current
-1.29926270657597; -1.66246721032076; CEPotential
-1.30926274453668; -0.000114667853796514; Current
-1.30926274453668; -1.6745766312888; CEPotential
-1.31926278249739; -0.000114839515169131; Current
-1.31926278249739; -1.68746730522253; CEPotential
-1.3292628204581; -0.000115979155948446; Current
-1.3292628204581; -1.69981110208028; CEPotential
-1.33926285841881; -0.000116146048949601; Current
-1.33926285841881; -1.71223302423459; CEPotential
-1.34926289637951; -0.000116846999554453; Current
-1.34926289637951; -1.72371744283009; CEPotential
-1.35918480904365; -0.000118411037314777; Current
-1.35918480904365; -1.73652999146725; CEPotential
-1.36918484700436; -0.000117910358311312; Current
-1.36918484700436; -1.74949879069754; CEPotential
-1.37918488496507; -0.000119898769210787; Current
-1.37918488496507; -1.76223321403813; CEPotential
-1.38918492292578; -0.000120108577555096; Current
-1.38918492292578; -1.77457701089588; CEPotential
-1.39918496088649; -0.000121767982744652; Current
-1.39918496088649; -1.78684268245706; CEPotential
-1.40918499884719; -0.000120213481727251; Current
-1.40918499884719; -1.79949898050108; CEPotential
-1.4191850368079; -0.000121281608855572; Current
-1.4191850368079; -1.81199902795197; CEPotential
-1.42918507476861; -0.000121386513027726; Current
-1.42918507476861; -1.82528032836854; CEPotential
-1.43918511272932; -0.000122921928638353; Current
-1.43918511272932; -1.83676474696404; CEPotential
-1.44918515069003; -0.000123637196278517; Current
-1.44918515069003; -1.84965542089776; CEPotential
-1.45918518865074; -0.000126431461954998; Current
-1.45918518865074; -1.86379609957658; CEPotential
-1.46918522661144; -0.000126293179182613; Current
-1.46918522661144; -1.87738990117941; CEPotential
-1.47918526457215; -0.000127952584372168; Current
-1.47918526457215; -1.89082745218911; CEPotential
-1.48918530253286; -0.00012972166210534; Current
-1.48918530253286; -1.90543688264734; CEPotential
-1.499107215197; -0.000130246182966113; Current
-1.499107215197; -1.91981193721585; CEPotential
-1.50910725315771; -0.000131609937204123; Current
-1.50910725315771; -1.93324948822556; CEPotential
-1.51910729111842; -0.000129645356241027; Current
-1.51910729111842; -1.9453589091936; CEPotential
-1.52910732907912; -0.000131152173543812; Current
-1.52910732907912; -1.95692145308567; CEPotential
-1.53910736703983; -0.000129869481620649; Current
-1.53910736703983; -1.96535898511502; CEPotential
-1.54910740500054; -0.00013005544810765; Current
-1.54910740500054; -1.97496839659289; CEPotential
-1.55910744296125; -0.000131533643260738; Current
-1.55910744296125; -1.98590593811241; CEPotential
-1.56910748092196; -0.000130746861969578; Current
-1.56910748092196; -1.9969216049285; CEPotential
-1.57910751888267; -0.000133021387077677; Current
-1.57910751888267; -2.00848414882057; CEPotential
-1.58910755684337; -0.000134442361773225; Current
-1.58910755684337; -2.02153107334743; CEPotential
-1.59910759480408; -0.000133126291249831; Current
-1.59910759480408; -2.0330936172395; CEPotential
-1.60910763276479; -0.000133431467023372; Current
-1.60910763276479; -2.04574991528352; CEPotential
-1.6191076707255; -0.00013536742583677; Current
-1.6191076707255; -2.05848433862411; CEPotential
-1.62910770868621; -0.000134323152486686; Current
-1.62910770868621; -2.07012500781275; CEPotential
-1.63902962135035; -0.000136282965078321; Current
-1.63902962135035; -2.08231255407736; CEPotential
-1.64902965931105; -0.000135753663925158; Current
-1.64902965931105; -2.09403134856257; CEPotential
-1.65902969727176; -0.000135953947447472; Current
-1.65902969727176; -2.10512514067523; CEPotential
-1.66902973523247; -0.000136297270192706; Current
-1.66902973523247; -2.11621893278789; CEPotential
-1.67902977319318; -0.000135171922606846; Current
-1.67902977319318; -2.12801585256966; CEPotential
-1.68902981115389; -0.000138843580553185; Current
-1.68902981115389; -2.1396565217583; CEPotential
-1.69902984911459; -0.000140007075110737; Current
-1.69902984911459; -2.15325032336114; CEPotential
-1.7090298870753; -0.000138910337753647; Current
-1.7090298870753; -2.1665316237777; CEPotential
-1.71902992503601; -0.000140207346712123; Current
-1.71902992503601; -2.17848479415261; CEPotential
-1.72902996299672; -0.000140631731772203; Current
-1.72902996299672; -2.19067234041722; CEPotential
-1.73903000095743; -0.000141423281434824; Current
-1.73903000095743; -2.20379739024065; CEPotential
-1.74903003891814; -0.000142705985278916; Current
-1.74903003891814; -2.21645368828467; CEPotential
-1.75903007687884; -0.000144980498466086; Current
-1.75903007687884; -2.23090686814976; CEPotential
-1.76903011483955; -0.000145843585621559; Current
-1.76903011483955; -2.24418816856632; CEPotential
-1.77895202750369; -0.000145900806079098; Current
-1.77895202750369; -2.25707884250005; CEPotential
-1.7889520654644; -0.000147383769603646; Current
-1.7889520654644; -2.27176639825484; CEPotential
-1.79895210342511; -0.00014563377727725; Current
-1.79895210342511; -2.28387581922289; CEPotential
-1.7889520654644; -0.000139124926390346; Current
-1.7889520654644; -2.22059432900278; CEPotential
-1.77895202750369; -0.000133235963793448; Current
-1.77895202750369; -2.16660974907427; CEPotential
-1.76903011483955; -0.000129640587869565; Current
-1.76903011483955; -2.11895331816777; CEPotential
-1.75903007687884; -0.000123947140423519; Current
-1.75903007687884; -2.07606253035192; CEPotential
-1.74903003891814; -0.000121806129716345; Current
-1.74903003891814; -2.04035926982033; CEPotential
-1.73903000095743; -0.000120060893840481; Current
-1.73903000095743; -2.00942165237939; CEPotential
-1.72902996299672; -0.000118182155484621; Current
-1.72902996299672; -1.98246842506342; CEPotential
-1.71902992503601; -0.000115397414630135; Current
-1.71902992503601; -1.95637457600969; CEPotential
-1.7090298870753; -0.000112646052375879; Current
-1.7090298870753; -1.93176510759076; CEPotential
-1.69902984911459; -0.000109675345034391; Current
-1.69902984911459; -1.90887439569633; CEPotential
-1.68902981115389; -0.000106795236750673; Current
-1.68902981115389; -1.88676493676758; CEPotential
-1.67902977319318; -0.000106256410775515; Current
-1.67902977319318; -1.86731173792214; CEPotential
-1.66902973523247; -0.000105736658286204; Current
-1.66902973523247; -1.84926479441492; CEPotential
-1.65902969727176; -0.00010423460935488; Current
-1.65902969727176; -1.83215535446652; CEPotential
-1.64902965931105; -0.000102270040312712; Current
-1.64902965931105; -1.81637404455978; CEPotential
-1.63902962135035; -0.000102999601146333; Current
-1.63902962135035; -1.80254586706724; CEPotential
-1.62910770868621; -0.000100949189496928; Current
-1.62910770868621; -1.78707705834677; CEPotential
-1.6191076707255; -0.000101387879671393; Current
-1.6191076707255; -1.77293637966795; CEPotential
-1.60910763276479; -9.89560042655266E-05; Current
-1.60910763276479; -1.75793632272689; CEPotential
-1.59910759480408; -9.74539612946671E-05; Current
-1.59910759480408; -1.74340501756524; CEPotential
-1.58910755684337; -9.64430665448138E-05; Current
-1.58910755684337; -1.72934246418299; CEPotential
-1.57910751888267; -9.49600970598006E-05; Current
-1.57910751888267; -1.71512366020761; CEPotential
-1.56910748092196; -9.41256260935611E-05; Current
-1.56910748092196; -1.70090485623223; CEPotential
-1.55910744296125; -9.40970158647917E-05; Current
-1.55910744296125; -1.68809230759507; CEPotential
-1.54910740500054; -9.20466101758514E-05; Current
-1.54910740500054; -1.67496725777164; CEPotential
-1.53910736703983; -9.26045096368553E-05; Current
-1.53910736703983; -1.66207658383792; CEPotential
-1.52910732907912; -9.11644554949962E-05; Current
-1.52910732907912; -1.64981091227673; CEPotential
-1.51910729111842; -8.97863901821376E-05; Current
-1.51910729111842; -1.63699836363958; CEPotential
-1.50910725315771; -8.89853037765935E-05; Current
-1.50910725315771; -1.62340456203674; CEPotential
-1.499107215197; -8.75023342915802E-05; Current
-1.499107215197; -1.60949825924763; CEPotential
-1.48918530253286; -8.8289121543204E-05; Current
-1.48918530253286; -1.59684196120361; CEPotential
-1.47918526457215; -8.67680050864982E-05; Current
-1.47918526457215; -1.58371691138018; CEPotential
-1.46918522661144; -8.41739990904743E-05; Current
-1.46918522661144; -1.57090436274302; CEPotential
-1.45918518865074; -8.42645981482442E-05; Current
-1.45918518865074; -1.55762306232646; CEPotential
-1.44918515069003; -8.32584658093881E-05; Current
-1.44918515069003; -1.54574801724812; CEPotential
-1.43918511272932; -8.27911654061541E-05; Current
-1.43918511272932; -1.53293546861096; CEPotential
-1.42918507476861; -8.27530184344615E-05; Current
-1.42918507476861; -1.52027917056694; CEPotential
-1.4191850368079; -8.17945698102212E-05; Current
-1.4191850368079; -1.5084041254886; CEPotential
-1.40918499884719; -8.02591482391307E-05; Current
-1.40918499884719; -1.49645095511369; CEPotential
-1.39918496088649; -7.89526144586599E-05; Current
-1.39918496088649; -1.48293527880742; CEPotential
-1.38918492292578; -7.81849006928825E-05; Current
-1.38918492292578; -1.4705133566531; CEPotential
-1.37918488496507; -7.84996132093463E-05; Current
-1.37918488496507; -1.45832581038849; CEPotential
-1.36918484700436; -7.76794533179559E-05; Current
-1.36918484700436; -1.44645076531015; CEPotential
-1.35918480904365; -7.75125603168008E-05; Current
-1.35918480904365; -1.43496634671465; CEPotential
-1.34926289637951; -7.66637842361767E-05; Current
-1.34926289637951; -1.42254442456033; CEPotential
-1.33926285841881; -7.54955272676272E-05; Current
-1.33926285841881; -1.41035687829572; CEPotential
-1.3292628204581; -7.48899440920076E-05; Current
-1.3292628204581; -1.39832558262424; CEPotential
-1.31926278249739; -7.36072462083803E-05; Current
-1.31926278249739; -1.38574740987679; CEPotential
-1.30926274453668; -7.27537077167589E-05; Current
-1.30926274453668; -1.37277861064649; CEPotential
-1.29926270657597; -7.2148118580675E-05; Current
-1.29926270657597; -1.36090356556815; CEPotential
-1.28926266861527; -6.98020738611172E-05; Current
-1.28926266861527; -1.34707538807561; CEPotential
-1.27926263065456; -7.05793184093534E-05; Current
-1.27926263065456; -1.3334034611762; CEPotential
-1.26926259269385; -6.77421254687894E-05; Current
-1.26926259269385; -1.32082528842875; CEPotential
-1.25926255473314; -6.75609273532497E-05; Current
-1.25926255473314; -1.30809086508816; CEPotential
-1.24926251677243; -6.74131078379409E-05; Current
-1.24926251677243; -1.295278316451; CEPotential
-1.23926247881172; -6.64689702885497E-05; Current
-1.23926247881172; -1.28238764251728; CEPotential
-1.22926244085102; -6.53436286631543E-05; Current
-1.22926244085102; -1.27027822154923; CEPotential
-1.21926240289031; -6.53913123777701E-05; Current
-1.21926240289031; -1.2588719282503; CEPotential
-1.2092623649296; -6.4418558639145E-05; Current
-1.2092623649296; -1.24684063257882; CEPotential
-1.19934045226546; -6.34982629470616E-05; Current
-1.19934045226546; -1.23473121161078; CEPotential
-1.18934041430475; -6.28736003251314E-05; Current
-1.18934041430475; -1.22230928945646; CEPotential
-1.17934037634404; -6.1414472697426E-05; Current
-1.17934037634404; -1.2092623649296; CEPotential
-1.16934033838334; -6.13286420111177E-05; Current
-1.16934033838334; -1.19668419218215; CEPotential
-1.15934030042263; -6.07850476644985E-05; Current
-1.15934030042263; -1.18441852062097; CEPotential
-1.14934026246192; -6.04417249192653E-05; Current
-1.14934026246192; -1.17254347554262; CEPotential
-1.13934022450121; -5.96978530107957E-05; Current
-1.13934022450121; -1.16059030516772; CEPotential
-1.1293401865405; -5.76951310364711E-05; Current
-1.1293401865405; -1.14832463360653; CEPotential
-1.11934014857979; -5.66699252117688E-05; Current
-1.11934014857979; -1.13504333318997; CEPotential
-1.10934011061909; -5.64696536103828E-05; Current
-1.10934011061909; -1.12199640866311; CEPotential
-1.09934007265838; -5.42428181773643E-05; Current
-1.09934007265838; -1.10855885765341; CEPotential
-1.08934003469767; -5.34894095259716E-05; Current
-1.08934003469767; -1.09543380782998; CEPotential
-1.07933999673696; -5.27217017206585E-05; Current
-1.07933999673696; -1.08262125919282; CEPotential
-1.06933995877625; -5.15963600952632E-05; Current
-1.06933995877625; -1.06965245996253; CEPotential
-1.05941804611211; -5.16297386954942E-05; Current
-1.05941804611211; -1.05730866310478; CEPotential
-1.04941800815141; -5.01515375819425E-05; Current
-1.04941800815141; -1.04465236506076; CEPotential
-1.0394179701907; -5.02278315253277E-05; Current
-1.0394179701907; -1.03246481879614; CEPotential
-1.02941793222999; -4.8783009012007E-05; Current
-1.02941793222999; -1.02066789901437; CEPotential
-1.01941789426928; -4.87353252973913E-05; Current
-1.01941789426928; -1.0091053551223; CEPotential
-1.00941785630857; -4.76099866522281E-05; Current
-1.00941785630857; -0.997074059450824; CEPotential
-0.999417818347865; -4.70759260682999E-05; Current
-0.999417818347865; -0.984964638482779; CEPotential
-0.989417780387157; -4.56167984405945E-05; Current
-0.989417780387157; -0.972933342811302; CEPotential
-0.979417742426449; -4.62509948252158E-05; Current
-0.979417742426449; -0.961605174808938; CEPotential
-0.969417704465741; -4.42768830796606E-05; Current
-0.969417704465741; -0.949339503247757; CEPotential
-0.959417666505033; -4.38095796961944E-05; Current
-0.959417666505033; -0.937073831686575; CEPotential
-0.949417628544325; -4.45343751385855E-05; Current
-0.949417628544325; -0.92457378423569; CEPotential
-0.939417590583616; -4.29417331099561E-05; Current
-0.939417590583616; -0.912308112674509; CEPotential
-0.929417552622908; -4.27557666229548E-05; Current
-0.929417552622908; -0.9003549422996; CEPotential
-0.919495639958768; -4.1501678968097E-05; Current
-0.919495639958768; -0.888636147814395; CEPotential
-0.90949560199806; -4.14921422251739E-05; Current
-0.90949560199806; -0.876370476253214; CEPotential
-0.899495564037352; -3.98947318250829E-05; Current
-0.899495564037352; -0.864182929988601; CEPotential
-0.889495526076644; -3.91317894109992E-05; Current
-0.889495526076644; -0.851995383723988; CEPotential
-0.879495488115936; -3.87407829511503E-05; Current
-0.879495488115936; -0.840276589238783; CEPotential
-0.869495450155227; -3.79683037941435E-05; Current
-0.869495450155227; -0.828323418863874; CEPotential
-0.859495412194519; -3.72721185805218E-05; Current
-0.859495412194519; -0.81660462437867; CEPotential
-0.849495374233811; -3.67094477678241E-05; Current
-0.849495374233811; -0.805354581672873; CEPotential
-0.839495336273103; -3.6633153824439E-05; Current
-0.839495336273103; -0.793245160704828; CEPotential
-0.829495298312395; -3.60037258112793E-05; Current
-0.829495298312395; -0.780979489143647; CEPotential
-0.819495260351687; -3.46542707271901E-05; Current
-0.819495260351687; -0.768713817582466; CEPotential
-0.809495222390979; -3.43920102968036E-05; Current
-0.809495222390979; -0.756604396614421; CEPotential
-0.79949518443027; -3.36433729971046E-05; Current
-0.79949518443027; -0.744963727425784; CEPotential
-0.789495146469562; -3.26992324674812E-05; Current
-0.789495146469562; -0.732698055864603; CEPotential
-0.779573233805422; -3.25084976090183E-05; Current
-0.779573233805422; -0.720276133710286; CEPotential
-0.769573195844714; -3.05582247405389E-05; Current
-0.769573195844714; -0.708322963335377; CEPotential
-0.759573157884006; -3.10875169530055E-05; Current
-0.759573157884006; -0.695822915884492; CEPotential
-0.749573119923298; -2.99192599844561E-05; Current
-0.749573119923298; -0.683400993730174; CEPotential
-0.73957308196259; -2.94758014385299E-05; Current
-0.73957308196259; -0.671057196872425; CEPotential
-0.729573044001882; -2.77782552377459E-05; Current
-0.729573044001882; -0.659260277090652; CEPotential
-0.719573006041173; -2.80119054393629E-05; Current
-0.719573006041173; -0.646916480232903; CEPotential
-0.709572968080465; -2.76208959992818E-05; Current
-0.709572968080465; -0.634650808671722; CEPotential
-0.699572930119757; -2.59233497984979E-05; Current
-0.699572930119757; -0.622541387703677; CEPotential
-0.689572892159049; -2.54512810238022E-05; Current
-0.689572892159049; -0.6105100920322; CEPotential
-0.679572854198341; -2.52605431851072E-05; Current
-0.679572854198341; -0.598322545767587; CEPotential
-0.669572816237633; -2.42258035977139E-05; Current
-0.669572816237633; -0.58629125009611; CEPotential
-0.659572778276925; -2.32149043775124E-05; Current
-0.659572778276925; -0.574728706204041; CEPotential
-0.649572740316216; -2.33293467827062E-05; Current
-0.649572740316216; -0.56246303464286; CEPotential
-0.639650827652076; -2.21038708467339E-05; Current
-0.639650827652076; -0.550275488378247; CEPotential
-0.629650789691368; -2.19226712410781E-05; Current
-0.629650789691368; -0.538087942113634; CEPotential
-0.61965075173066; -2.13647702899581E-05; Current
-0.61965075173066; -0.526291022331861; CEPotential
-0.609650713769952; -2.10309827975319E-05; Current
-0.609650713769952; -0.514259726660384; CEPotential
-0.599650675809244; -1.95861602842113E-05; Current
-0.599650675809244; -0.501994055099203; CEPotential
-0.589650637848536; -1.87946076413582E-05; Current
-0.589650637848536; -0.489884634131158; CEPotential
-0.579650599887827; -1.80268968558129E-05; Current
-0.579650599887827; -0.478009589052817; CEPotential
-0.569650561927119; -1.73927019613077E-05; Current
-0.569650561927119; -0.465822042788204; CEPotential
-0.559650523966411; -1.85085038635478E-05; Current
-0.559650523966411; -0.453868872413295; CEPotential
-0.549650486005703; -1.56045552126378E-05; Current
-0.549650486005703; -0.441837576741818; CEPotential
-0.539650448044995; -1.48416127985541E-05; Current
-0.539650448044995; -0.429884406366909; CEPotential
-0.529650410084287; -1.54901142975601E-05; Current
-0.529650410084287; -0.417774985398864; CEPotential
-0.519650372123579; -1.50132741711707E-05; Current
-0.519650372123579; -0.405743689727387; CEPotential
-0.50965033416287; -1.41978796710097E-05; Current
-0.50965033416287; -0.394024895242183; CEPotential
-0.499650296202162; -1.29247200204217E-05; Current
-0.499650296202162; -0.381993599570706; CEPotential
-0.489728383538022; -1.21808510921843E-05; Current
-0.489728383538022; -0.370040429195797; CEPotential
-0.479728345577314; -1.20330315768756E-05; Current
-0.479728345577314; -0.35800913352432; CEPotential
-0.469728307616606; -1.11175005309636E-05; Current
-0.469728307616606; -0.346368464335683; CEPotential
-0.459728269655898; -1.019720111359E-05; Current
-0.459728269655898; -0.334259043367638; CEPotential
-0.44972823169519; -1.04785365199388E-05; Current
-0.44972823169519; -0.322227747696161; CEPotential
-0.439728193734481; -9.63453104595033E-06; Current
-0.439728193734481; -0.310196452024684; CEPotential
-0.429728155773773; -9.95878179545331E-06; Current
-0.429728155773773; -0.298477657539479; CEPotential
-0.419728117813065; -8.05619413170566E-06; Current
-0.419728117813065; -0.28652448716457; CEPotential
-0.409728079852357; -8.01327878855151E-06; Current
-0.409728079852357; -0.274571316789661; CEPotential
-0.399728041891649; -5.9104191508888E-06; Current
-0.399728041891649; -0.262540021118184; CEPotential
-0.389728003930941; -5.78167237636832E-06; Current
-0.389728003930941; -0.250977477226115; CEPotential
-0.379727965970233; -5.00919321936148E-06; Current
-0.379727965970233; -0.239024306851206; CEPotential
-0.369727928009524; -4.88521518883159E-06; Current
-0.369727928009524; -0.227071136476297; CEPotential
-0.359727890048816; -4.94243601889947E-06; Current
-0.359727890048816; -0.215274216694525; CEPotential
-0.349805977384676; -3.27349967435591E-06; Current
-0.349805977384676; -0.203633547505888; CEPotential
-0.339805939423968; -3.58344493694515E-06; Current
-0.339805939423968; -0.191680377130979; CEPotential
-0.32980590146326; -2.75374494987043E-06; Current
-0.32980590146326; -0.17972720675607; CEPotential
-0.319805863502552; -2.29121124171735E-06; Current
-0.319805863502552; -0.168164662864001; CEPotential
-0.309805825541844; -8.60694308442684E-07; Current
-0.309805825541844; -0.156211492489092; CEPotential
-0.299805787581136; -9.08378209322915E-07; Current
-0.299805787581136; -0.144336447410751; CEPotential
-0.289805749620427; -5.00680982525487E-08; Current
-0.289805749620427; -0.132539527628978; CEPotential
-0.279805711659719; 5.03065098407081E-07; Current
-0.279805711659719; -0.120898858440341; CEPotential
-0.269805673699011; 1.16110282810878E-06; Current
-0.269805673699011; -0.108867562768864; CEPotential
-0.259805635738303; 2.58208301846031E-06; Current
-0.259805635738303; -0.0969925176905235; CEPotential
-0.249805597777595; 2.95878585404058E-06; Current
-0.249805597777595; -0.0850393473156146; CEPotential
-0.239805559816887; 3.47854039226155E-06; Current
-0.239805559816887; -0.0735549287201138; CEPotential
-0.229805521856179; 3.70742296747505E-06; Current
-0.229805521856179; -0.0616798836417729; CEPotential
-0.21980548389547; 4.77077390122484E-06; Current
-0.21980548389547; -0.04988296386; CEPotential
-0.20988357123133; 4.88998356029316E-06; Current
-0.20988357123133; -0.0380079187816591; CEPotential
-0.199883533270622; 6.25851138517063E-06; Current
-0.199883533270622; -0.0266797507792944; CEPotential
-0.189883495309914; 4.84706821713901E-06; Current
-0.189883495309914; -0.0147265804043855; CEPotential
-0.179883457349206; 7.1502005737748E-06; Current
-0.179883457349206; -0.00292966062261257; CEPotential
-0.169883419388498; 7.6604178102791E-06; Current
-0.169883419388498; 0.00855475797288818; CEPotential
-0.15988338142779; 9.96355016691489E-06; Current
-0.15988338142779; 0.0204298030512291; CEPotential
-0.149883343467081; 8.89543123423254E-06; Current
-0.149883343467081; 0.032148597536434; CEPotential
-0.139883305506373; 9.31981778442854E-06; Current
-0.139883305506373; 0.0439455173182068; CEPotential
-0.129883267545665; 1.01399806560511E-05; Current
-0.129883267545665; 0.0555080612102756; CEPotential
-0.119883229584957; 1.21045571487992E-05; Current
-0.119883229584957; 0.0672268556954805; CEPotential
-0.109883191624249; 1.13845300778696E-05; Current
-0.109883191624249; 0.0790237754772534; CEPotential
-0.0998831536635407; 1.25480171848415E-05; Current
-0.0998831536635407; 0.0907425699624582; CEPotential
-0.0898831157028326; 1.34730842286186E-05; Current
-0.0898831157028326; 0.102148863261391; CEPotential
-0.0798830777421244; 1.34063270281566E-05; Current
-0.0798830777421244; 0.113945783043164; CEPotential
-0.0699611650779843; 1.32728126272326E-05; Current
-0.0699611650779843; 0.125742702824937; CEPotential
-0.0599611271172762; 1.56427021843304E-05; Current
-0.0599611271172762; 0.137461497310142; CEPotential
-0.0499610891565681; 1.62244464828743E-05; Current
-0.0499610891565681; 0.148789665312506; CEPotential
-0.0399610511958599; 1.66631381474551E-05; Current
-0.0399610511958599; 0.160430334501143; CEPotential
-0.0299610132351518; 1.77932466541959E-05; Current
-0.0299610132351518; 0.172149128986348; CEPotential
-0.0199609752744436; 1.86229462687416E-05; Current
-0.0199609752744436; 0.183789798174985; CEPotential
-0.00996093731373549; 1.9857958947637E-05; Current
-0.00996093731373549; 0.195196091473917; CEPotential
3.91006469726563E-05; 1.96815277134427E-05; Current
3.91006469726563E-05; 0.207071136552258; CEPotential
0.0100391386076808; 2.02871138692945E-05; Current
0.0100391386076808; 0.218868056334031; CEPotential
0.0200391765683889; 2.12598646276874E-05; Current
0.0200391765683889; 0.230274349632964; CEPotential
0.0300392145290971; 2.14935163194205E-05; Current
0.0300392145290971; 0.241915018821601; CEPotential
0.0400392524898052; 2.26999187695465E-05; Current
0.0400392524898052; 0.253633813306806; CEPotential
0.0500392904505134; 2.36249858133236E-05; Current
0.0500392904505134; 0.265274482495443; CEPotential
0.0600393284112215; 2.38872477338262E-05; Current
0.0600393284112215; 0.276602650497807; CEPotential
0.0700393663719296; 2.48790734681814E-05; Current
0.0700393663719296; 0.28839957027958; CEPotential
0.0799612790360698; 2.54322075379559E-05; Current
0.0799612790360698; 0.299883988875081; CEPotential
0.0899613169967779; 2.65337043258112E-05; Current
0.0899613169967779; 0.311524658063718; CEPotential
0.099961354957486; 2.71392904816631E-05; Current
0.099961354957486; 0.322774700769514; CEPotential
0.109961392918194; 2.75350653129735E-05; Current
0.109961392918194; 0.334337244661583; CEPotential
0.119961430878902; 2.86461018239842E-05; Current
0.119961430878902; 0.345821663257084; CEPotential
0.12996146883961; 2.9518716781684E-05; Current
0.12996146883961; 0.357384207149153; CEPotential
0.139961506800319; 3.04962359115384E-05; Current
0.139961506800319; 0.368556124558381; CEPotential
0.149961544761027; 3.11256639246981E-05; Current
0.149961544761027; 0.380040543153882; CEPotential
0.159961582721735; 3.1516670384547E-05; Current
0.159961582721735; 0.391681212342519; CEPotential
0.169961620682443; 3.27278426962506E-05; Current
0.169961620682443; 0.403400006827724; CEPotential
0.179961658643151; 3.36290678827199E-05; Current
0.179961658643151; 0.414728174830088; CEPotential
0.189961696603859; 3.42632642673412E-05; Current
0.189961696603859; 0.426368844018725; CEPotential
0.199961734564567; 3.53790661695812E-05; Current
0.199961734564567; 0.437931387910794; CEPotential
0.209961772525276; 3.58129909528164E-05; Current
0.209961772525276; 0.449025180023455; CEPotential
0.219883685189416; 3.61658504409727E-05; Current
0.219883685189416; 0.460509598618955; CEPotential
0.229883723150124; 3.72578134661371E-05; Current
0.229883723150124; 0.472150267807592; CEPotential
0.239883761110832; 3.83497735110692E-05; Current
0.239883761110832; 0.483869062292797; CEPotential
0.24988379907154; 3.95514090798497E-05; Current
0.24988379907154; 0.495197230295162; CEPotential
0.259883837032248; 3.9413123327232E-05; Current
0.259883837032248; 0.506837899483799; CEPotential
0.269883874992956; 4.05956854101662E-05; Current
0.269883874992956; 0.518244192782731; CEPotential
0.279883912953665; 4.18402363221008E-05; Current
0.279883912953665; 0.529884861971368; CEPotential
0.289883950914373; 4.22550846392576E-05; Current
0.289883950914373; 0.541134904677165; CEPotential
0.299883988875081; 4.23218418397196E-05; Current
0.299883988875081; 0.552775573865802; CEPotential
0.309884026835789; 4.32135302832657E-05; Current
0.309884026835789; 0.56433811775787; CEPotential
0.319884064796497; 4.44628495666619E-05; Current
0.319884064796497; 0.575900661649939; CEPotential
0.329884102757205; 4.52019501234377E-05; Current
0.329884102757205; 0.587306954948872; CEPotential
0.339884140717913; 4.56167984405945E-05; Current
0.339884140717913; 0.599025749434077; CEPotential
0.349884178678622; 4.66992247228357E-05; Current
0.349884178678622; 0.610510168029577; CEPotential
0.359806091342762; 4.6851812609606E-05; Current
0.359806091342762; 0.621760210735374; CEPotential
0.36980612930347; 4.83252453516961E-05; Current
0.36980612930347; 0.633244629330875; CEPotential
0.379806167264178; 4.82870983800035E-05; Current
0.379806167264178; 0.64496342381608; CEPotential
0.389806205224886; 4.92360072810885E-05; Current
0.389806205224886; 0.656682218301285; CEPotential
0.399806243185594; 5.10909127203365E-05; Current
0.399806243185594; 0.668088511600217; CEPotential
0.409806281146302; 5.09478615764894E-05; Current
0.409806281146302; 0.679651055492286; CEPotential
0.41980631910701; 5.20827339843435E-05; Current
0.41980631910701; 0.691447975274059; CEPotential
0.429806357067719; 5.28409110071978E-05; Current
0.429806357067719; 0.702854268572992; CEPotential
0.439806395028427; 5.39042578431284E-05; Current
0.439806395028427; 0.714494937761629; CEPotential
0.449806432989135; 5.42523549202875E-05; Current
0.449806432989135; 0.726213732246833; CEPotential
0.459806470949843; 5.49723790109848E-05; Current
0.459806470949843; 0.737620025545766; CEPotential
0.469806508910551; 5.51440403836014E-05; Current
0.469806508910551; 0.749104444141267; CEPotential
0.479806546871259; 5.59737429783793E-05; Current
0.479806546871259; 0.760120110957359; CEPotential
0.489806584831967; 5.59308276352252E-05; Current
0.489806584831967; 0.771682654849428; CEPotential
0.499728497496108; 5.64505801245365E-05; Current
0.499728497496108; 0.783323324038065; CEPotential
0.489806584831967; 5.00704752670958E-05; Current
0.489806584831967; 0.72316684568068; CEPotential
0.479806546871259; 4.30514056535723E-05; Current
0.479806546871259; 0.670979147573235; CEPotential
0.469806508910551; 3.93177558980005E-05; Current
0.469806508910551; 0.625822726156912; CEPotential
0.459806470949843; 3.41726652095713E-05; Current
0.459806470949843; 0.586135075500351; CEPotential
0.449806432989135; 3.01767550236131E-05; Current
0.449806432989135; 0.550744316155033; CEPotential
0.439806395028427; 2.76924215712054E-05; Current
0.439806395028427; 0.519025445748412; CEPotential
0.429806357067719; 2.40398371107126E-05; Current
0.429806357067719; 0.490822213687352; CEPotential
0.41980631910701; 2.18559140406161E-05; Current
0.41980631910701; 0.464884615226765; CEPotential
0.409806281146302; 1.93954254257484E-05; Current
0.409806281146302; 0.440978274476947; CEPotential
0.399806243185594; 1.73021014134218E-05; Current
0.399806243185594; 0.41863443965849; CEPotential
0.389806205224886; 1.5323219806289E-05; Current
0.389806205224886; 0.398243737254234; CEPotential
0.379806167264178; 1.36161368625819E-05; Current
0.379806167264178; 0.378478037222521; CEPotential
0.36980612930347; 1.17803063992962E-05; Current
0.36980612930347; 0.359806091342762; CEPotential
0.359806091342762; 9.16722915260019E-06; Current
0.359806091342762; 0.34199352372525; CEPotential
0.349884178678622; 8.80483143140463E-06; Current
0.349884178678622; 0.325118459666555; CEPotential
0.339884140717913; 7.25033637446782E-06; Current
0.339884140717913; 0.30824339560786; CEPotential
0.329884102757205; 5.71491480337729E-06; Current
0.329884102757205; 0.292149584514846; CEPotential
0.319884064796497; 4.27486140657624E-06; Current
0.319884064796497; 0.276602650497807; CEPotential
0.309884026835789; 3.53099247833884E-06; Current
0.309884026835789; 0.261055716480769; CEPotential
0.299883988875081; 3.29734153166377E-06; Current
0.299883988875081; 0.246055659539707; CEPotential
0.289883950914373; 5.65054160238156E-07; Current
0.289883950914373; 0.23121185319178; CEPotential
0.279883912953665; 8.3446809078106E-08; Current
0.279883912953665; 0.216836798623262; CEPotential
0.269883874992956; -1.47581664842411E-06; Current
0.269883874992956; 0.202305493461608; CEPotential
0.259883837032248; -2.69652430606706E-06; Current
0.259883837032248; 0.188008564189659; CEPotential
0.24988379907154; -4.08889417451689E-06; Current
0.24988379907154; 0.173946010807413; CEPotential
0.239883761110832; -4.70878469969538E-06; Current
0.239883761110832; 0.160274083908007; CEPotential
0.229883723150124; -5.8388932064362E-06; Current
0.229883723150124; 0.146445906415465; CEPotential
0.219883685189416; -6.84502331011811E-06; Current
0.219883685189416; 0.13277397951606; CEPotential
0.209961772525276; -7.9799001883205E-06; Current
0.209961772525276; 0.119180177913222; CEPotential
0.199961734564567; -8.40905510997807E-06; Current
0.199961734564567; 0.105898877496656; CEPotential
0.189961696603859; -9.63453104595033E-06; Current
0.189961696603859; 0.092617577080091; CEPotential
0.179961658643151; -1.07169558380754E-05; Current
0.179961658643151; 0.0793362766635255; CEPotential
0.169961620682443; -1.19138215452783E-05; Current
0.169961620682443; 0.0664456027298002; CEPotential
0.159961582721735; -1.31965186838474E-05; Current
0.159961582721735; 0.0532424276098027; CEPotential
0.149961544761027; -1.38545554356605E-05; Current
0.149961544761027; 0.0400392524898052; CEPotential
0.139961506800319; -1.44124578768966E-05; Current
0.139961506800319; 0.0272267038526479; CEPotential
0.12996146883961; -1.59478794479871E-05; Current
0.12996146883961; 0.0148047816983308; CEPotential
0.119961430878902; -1.63770343696446E-05; Current
0.119961430878902; 0.00199223306117347; CEPotential
0.109961392918194; -1.76978777348483E-05; Current
0.109961392918194; -0.0108203155759838; CEPotential
0.099961354957486; -1.82557801760844E-05; Current
0.099961354957486; -0.0234766136200051; CEPotential
0.0899613169967779; -1.8975807247014E-05; Current
0.0899613169967779; -0.0358204104777542; CEPotential
0.0799612790360698; -1.99771682341763E-05; Current
0.0799612790360698; -0.0483204579286394; CEPotential
0.0700393663719296; -2.06352064761054E-05; Current
0.0700393663719296; -0.0608205053795245; CEPotential
0.0600393284112215; -2.19274396125397E-05; Current
0.0600393284112215; -0.0732424275338417; CEPotential
0.0500392904505134; -2.26856136551618E-05; Current
0.0500392904505134; -0.0855080990950228; CEPotential
0.0400392524898052; -2.31100002053578E-05; Current
0.0400392524898052; -0.0979300212493399; CEPotential
0.0300392145290971; -2.42544138264833E-05; Current
0.0300392145290971; -0.110273818107089; CEPotential
0.0200391765683889; -2.48456948679504E-05; Current
0.0200391765683889; -0.122617614964838; CEPotential
0.0100391386076808; -2.57373833114965E-05; Current
0.0100391386076808; -0.134570785339747; CEPotential
